"","artistName","category","trackName","energy","startTime","energy_level","genre","duration"
"1","ABBA","studies","Gimme! Gimme! Gimme! (A Man After Midnight)",0.491,2022-12-28 20:00:19,"medium","europop",30
"2","Agar Agar","other","Prettiest Virgin",0.487,2022-12-29 16:49:46,"medium","electro-pop francais",8
"3","Agar Agar","studies","Prettiest Virgin",0.487,2022-12-29 16:49:46,"medium","electro-pop francais",317
"4","Albo Inaczej","studies","Ostatnia Prosta",0.535,2022-12-29 18:32:22,"medium","polish alternative",231
"5","alt-J","studies","Breezeblocks",0.658,2022-12-29 15:52:12,"medium","indie rock",227
"6","Andy Williams","other","It's the Most Wonderful Time of the Year",0.598,2022-12-27 13:08:28,"medium","adult standards",27
"7","Andy Williams","studies","Happy Holiday / The Holiday Season",0.451,2022-12-18 20:05:23,"medium","adult standards",110
"8","Andy Williams","studies","It's the Most Wonderful Time of the Year",0.598,2022-12-27 13:08:28,"medium","adult standards",99
"9","Arab","other","Leśna piosenka",0.686,2022-12-19 21:50:58,"fast","polish alternative rap",1
"10","Arab","other","Leśna piosenka",0.686,2022-12-21 15:27:28,"fast","polish alternative rap",17
"11","Arab","other","Pianista ze szlugiem",0.511,2022-12-21 15:02:03,"medium","polish alternative rap",2
"12","Arab","studies","Ballada",0.375,2022-12-21 16:31:21,"medium","polish alternative rap",147
"13","Arab","studies","Leśna piosenka",0.686,2022-12-21 15:27:28,"fast","polish alternative rap",251
"14","Arab","studies","Letnia piosenka",0.29,2022-12-21 15:59:37,"slow","polish alternative rap",183
"15","Arab","studies","Momenty (prod. Louis Villain)",0.514,2022-12-21 15:43:11,"medium","polish alternative rap",174
"16","Arab","studies","Pianista ze szlugiem",0.511,2022-12-21 15:02:03,"medium","polish alternative rap",280
"17","Arab","studies","Sorrow",0.812,2022-12-21 14:51:29,"fast","polish alternative rap",132
"18","asthma","other","centrala",0.772,2022-12-27 18:34:45,"fast","polish alternative rap",63
"19","asthma","other","charakterystyka bloku",0.515,2022-12-26 22:37:28,"medium","polish alternative rap",63
"20","asthma","other","charakterystyka bloku",0.515,2022-12-27 14:58:28,"medium","polish alternative rap",55
"21","asthma","other","charakterystyka bloku",0.515,2022-12-27 19:37:28,"medium","polish alternative rap",2
"22","asthma","studies","centrala",0.772,2022-12-26 23:28:45,"fast","polish alternative rap",139
"23","asthma","studies","centrala",0.772,2022-12-27 18:34:45,"fast","polish alternative rap",64
"24","asthma","studies","charakterystyka bloku",0.515,2022-12-26 22:37:28,"medium","polish alternative rap",123
"25","asthma","studies","charakterystyka bloku",0.515,2022-12-27 14:58:28,"medium","polish alternative rap",136
"26","asthma","studies","charakterystyka bloku",0.515,2022-12-27 17:07:13,"medium","polish alternative rap",46
"27","asthma","studies","charakterystyka bloku",0.515,2022-12-27 19:37:28,"medium","polish alternative rap",140
"28","Avi","free time","Módl się za nami",0.701,2022-12-18 16:06:29,"fast","polish hip hop",119
"29","Avi","free time","Módl się za nami",0.701,2022-12-18 16:10:29,"fast","polish hip hop",123
"30","Avi","other","Módl się za nami",0.701,2022-12-18 16:10:29,"fast","polish hip hop",3
"31","Baba Hassan","other","Dzieciaki z Ulicy",0.499,2022-12-21 15:38:13,"medium","polish hip hop",48
"32","Baba Hassan","studies","Dzieciaki z Ulicy",0.499,2022-12-21 15:38:13,"medium","polish hip hop",22
"33","Bedoes 2115","other","Chłopaki nie płaczą",0.519,2022-12-29 17:02:28,"medium","polish hip hop",108
"34","Bedoes 2115","studies","Chłopaki nie płaczą",0.519,2022-12-29 17:02:28,"medium","polish hip hop",96
"35","Belmondawg","free time","Choppin' Dem Thangs",0.578,2022-12-28 10:00:19,"medium","polish alternative rap",1
"36","Belmondawg","free time","Followup",0.627,2022-12-26 23:39:27,"medium","polish alternative rap",2
"37","Belmondawg","free time","Piekarenka (Upgrade)",0.727,2022-12-28 10:13:00,"fast","polish alternative rap",4
"38","Belmondawg","free time","Piekarenka, ale to '96",0.729,2022-12-28 19:47:41,"fast","polish alternative rap",12
"39","Belmondawg","free time","Piekarenka, ale to '96",0.729,2022-12-29 15:41:41,"fast","polish alternative rap",3
"40","Belmondawg","other","Choppin' Dem Thangs",0.578,2022-12-28 10:00:19,"medium","polish alternative rap",8
"41","Belmondawg","other","Followup",0.627,2022-12-27 19:08:27,"medium","polish alternative rap",22
"42","Belmondawg","other","P.S.W.I.S. - DJ Eprom Remix",0.683,2022-12-26 23:24:03,"fast","polish alternative rap",5
"43","Belmondawg","other","P.S.W.I.S. - DJ Eprom Remix",0.683,2022-12-27 18:54:03,"fast","polish alternative rap",78
"44","Belmondawg","other","Piekarenka (Upgrade)",0.727,2022-12-19 22:25:24,"fast","polish alternative rap",3
"45","Belmondawg","other","Piekarenka, ale to '96",0.729,2022-12-22 12:04:31,"fast","polish alternative rap",9
"46","Belmondawg","other","Piekarenka, ale to '96",0.729,2022-12-22 12:30:08,"fast","polish alternative rap",103
"47","Belmondawg","other","Piekarenka, ale to '96",0.729,2022-12-22 12:42:41,"fast","polish alternative rap",138
"48","Belmondawg","other","Piekarenka, ale to '96",0.729,2022-12-22 12:58:41,"fast","polish alternative rap",111
"49","Belmondawg","other","Piekarenka, ale to '96",0.729,2022-12-22 19:34:41,"fast","polish alternative rap",4
"50","Belmondawg","other","Piekarenka, ale to '96",0.729,2022-12-26 22:17:36,"fast","polish alternative rap",1
"51","Belmondawg","other","Piekarenka, ale to '96",0.729,2022-12-27 14:39:41,"fast","polish alternative rap",35
"52","Belmondawg","other","Piekarenka, ale to '96",0.729,2022-12-27 14:53:41,"fast","polish alternative rap",48
"53","Belmondawg","other","Piekarenka, ale to '96",0.729,2022-12-29 15:41:41,"fast","polish alternative rap",1
"54","Belmondawg","other","Truteń (Remastered)",0.707,2022-12-27 18:30:48,"fast","polish alternative rap",14
"55","Belmondawg","studies","Aglio Olio e Peperoncino",0.634,2022-12-27 18:42:25,"medium","polish alternative rap",132
"56","Belmondawg","studies","Aglio Olio e Peperoncino",0.634,2022-12-27 20:04:25,"medium","polish alternative rap",130
"57","Belmondawg","studies","CAPTCHA",0.528,2022-12-27 19:22:39,"medium","polish alternative rap",106
"58","Belmondawg","studies","Choppin' Dem Thangs",0.578,2022-12-28 10:00:19,"medium","polish alternative rap",37
"59","Belmondawg","studies","Followup",0.627,2022-12-26 23:39:27,"medium","polish alternative rap",120
"60","Belmondawg","studies","Followup",0.627,2022-12-27 19:08:27,"medium","polish alternative rap",73
"61","Belmondawg","studies","P.S.W.I.S. - DJ Eprom Remix",0.683,2022-12-26 23:24:03,"fast","polish alternative rap",41
"62","Belmondawg","studies","P.S.W.I.S. - DJ Eprom Remix",0.683,2022-12-27 18:54:03,"fast","polish alternative rap",21
"63","Belmondawg","studies","P.S.W.I.S. - DJ Eprom Remix",0.683,2022-12-27 20:13:03,"fast","polish alternative rap",116
"64","Belmondawg","studies","Pappardelle all'arrabbiata",0.805,2022-12-26 22:40:43,"fast","polish alternative rap",112
"65","Belmondawg","studies","Pappardelle all'arrabbiata",0.805,2022-12-27 15:04:43,"fast","polish alternative rap",115
"66","Belmondawg","studies","Pappardelle all'arrabbiata",0.805,2022-12-29 18:24:43,"fast","polish alternative rap",147
"67","Belmondawg","studies","Piekarenka (Upgrade)",0.727,2022-12-19 22:25:24,"fast","polish alternative rap",106
"68","Belmondawg","studies","Piekarenka (Upgrade)",0.727,2022-12-28 10:13:00,"fast","polish alternative rap",123
"69","Belmondawg","studies","Piekarenka, ale to '96",0.729,2022-12-19 22:23:41,"fast","polish alternative rap",119
"70","Belmondawg","studies","Piekarenka, ale to '96",0.729,2022-12-19 22:27:41,"fast","polish alternative rap",100
"71","Belmondawg","studies","Piekarenka, ale to '96",0.729,2022-12-22 13:39:41,"fast","polish alternative rap",138
"72","Belmondawg","studies","Piekarenka, ale to '96",0.729,2022-12-26 22:17:36,"fast","polish alternative rap",113
"73","Belmondawg","studies","Piekarenka, ale to '96",0.729,2022-12-27 14:39:41,"fast","polish alternative rap",57
"74","Belmondawg","studies","Piekarenka, ale to '96",0.729,2022-12-27 14:53:41,"fast","polish alternative rap",68
"75","Belmondawg","studies","Piekarenka, ale to '96",0.729,2022-12-28 19:47:41,"fast","polish alternative rap",129
"76","Belmondawg","studies","Piekarenka, ale to '96",0.729,2022-12-29 11:39:41,"fast","polish alternative rap",138
"77","Belmondawg","studies","Piekarenka, ale to '96",0.729,2022-12-29 15:41:41,"fast","polish alternative rap",120
"78","Belmondawg","studies","Te Tereny",0.523,2022-12-26 23:05:22,"medium","polish alternative rap",97
"79","Belmondawg","studies","Te Tereny",0.523,2022-12-27 17:15:22,"medium","polish alternative rap",106
"80","Belmondawg","studies","Te Tereny",0.523,2022-12-27 19:47:22,"medium","polish alternative rap",107
"81","Belmondawg","studies","Truteń (Remastered)",0.707,2022-12-27 18:30:48,"fast","polish alternative rap",21
"82","Belmondawg","studies","Truteń (Remastered)",0.707,2022-12-27 19:58:48,"fast","polish alternative rap",54
"83","Białas","free time","Demoralizuje",0.838,2022-12-18 16:20:01,"fast","polish hip hop",193
"84","Blaga","studies","Pan i Mistrz",0.507,2022-12-21 16:09:52,"medium","klubowe",67
"85","Bobby Helms","other","Jingle Bell Rock",0.424,2022-12-27 12:49:49,"medium","adult standards",140
"86","Breakdown Brass","studies","Next Episode",0.86,2022-12-22 13:33:49,"fast","street band",72
"87","Brenda Lee","other","Rockin' Around The Christmas Tree",0.472,2022-12-27 12:51:53,"medium","adult standards",23
"88","Brenda Lee","studies","Rockin' Around The Christmas Tree",0.472,2022-12-27 12:51:53,"medium","adult standards",66
"89","Bryan Adams","other","Christmas Time",0.582,2022-12-18 20:12:53,"medium","canadian pop",174
"90","Bryan Adams","studies","Christmas Time",0.582,2022-12-18 20:12:53,"medium","canadian pop",61
"91","Burl Ives","other","A Holly Jolly Christmas",0.375,2022-12-27 13:05:44,"medium","adult standards",79
"92","Burl Ives","other","Rudolph The Red-Nosed Reindeer",0.275,2022-12-18 20:26:49,"slow","adult standards",81
"93","Cage The Elephant","free time","Black Madonna",0.728,2022-12-28 20:36:13,"fast","modern rock",1
"94","Cage The Elephant","other","Cold Cold Cold",0.789,2022-12-29 15:48:25,"fast","modern rock",4
"95","Cage The Elephant","studies","Black Madonna",0.728,2022-12-28 20:36:13,"fast","modern rock",231
"96","Cage The Elephant","studies","Cold Cold Cold",0.789,2022-12-29 15:48:25,"fast","modern rock",204
"97","CatchUp","other","Patrol",0.682,2022-12-18 15:37:12,"fast","polish alternative rap",6
"98","CatchUp","studies","Patrol",0.682,2022-12-18 15:37:12,"fast","polish alternative rap",205
"99","CatchUp","studies","Patrol",0.682,2022-12-29 18:17:12,"fast","polish alternative rap",189
"100","Catz 'n Dogz","other","Lepiej nie myśleć",0.688,2022-12-27 19:25:01,"fast","deep disco house",154
"101","Catz 'n Dogz","studies","Lepiej nie myśleć",0.688,2022-12-27 19:25:01,"fast","deep disco house",22
"102","Chris Rea","other","Driving Home for Christmas - 2019 Remaster",0.583,2022-12-18 21:43:58,"medium","album rock",188
"103","Chris Rea","studies","Driving Home for Christmas - 2019 Remaster",0.583,2022-12-18 21:43:58,"medium","album rock",43
"104","Chuck Berry","other","Run Rudolph Run",0.715,2022-12-27 13:22:14,"fast","classic rock",4
"105","Chuck Berry","studies","Run Rudolph Run",0.715,2022-12-27 13:22:14,"fast","classic rock",117
"106","Da Vosk Docta","studies","Till Coffin 2",0.636,2022-12-26 23:17:06,"medium","polish alternative rap",143
"107","Da Vosk Docta","studies","Till Coffin 2",0.636,2022-12-27 18:27:06,"medium","polish alternative rap",142
"108","Da Vosk Docta","studies","Till Coffin 2",0.636,2022-12-27 19:55:06,"medium","polish alternative rap",123
"109","Da Vosk Docta","studies","Till Coffin 2",0.636,2022-12-29 17:17:06,"medium","polish alternative rap",147
"110","Daft Punk","free time","Get Lucky (feat. Pharrell Williams & Nile Rodgers) - Radio Edit",0.811,2022-12-28 19:55:51,"fast","electro",15
"111","Daft Punk","studies","Get Lucky (feat. Pharrell Williams & Nile Rodgers) - Radio Edit",0.811,2022-12-28 19:55:51,"fast","electro",233
"112","Daria Zawiałow","other","Punk Fu!",0.746,2022-12-29 16:22:15,"fast","polish alternative",1
"113","Daria Zawiałow","studies","Punk Fu!",0.746,2022-12-29 16:22:15,"fast","polish alternative",132
"114","Daryl Hall & John Oates","other","Jingle Bell Rock - Daryl's Version",0.841,2022-12-27 13:12:53,"fast","album rock",92
"115","Daryl Hall & John Oates","studies","Jingle Bell Rock - Daryl's Version",0.841,2022-12-18 20:07:53,"fast","album rock",169
"116","Daryl Hall & John Oates","studies","Jingle Bell Rock - Daryl's Version",0.841,2022-12-27 13:12:53,"fast","album rock",3
"117","Dawid Podsiadło","free time","Nie lubię Cię",0.883,2022-12-27 16:59:18,"fast","polish pop",7
"118","Dawid Podsiadło","other","D I A B L E",0.72,2022-12-27 15:45:20,"fast","polish pop",4
"119","Dawid Podsiadło","other","D I A B L E",0.72,2022-12-27 16:13:20,"fast","polish pop",7
"120","Dawid Podsiadło","other","D I A B L E",0.72,2022-12-28 10:51:20,"fast","polish pop",12
"121","Dawid Podsiadło","other","Halo",0.521,2022-12-28 11:48:07,"medium","polish pop",3
"122","Dawid Podsiadło","other","Nie lubię Cię",0.883,2022-12-27 12:18:05,"fast","polish pop",5
"123","Dawid Podsiadło","other","Pastempomat",0.672,2022-12-28 20:39:57,"fast","polish pop",1
"124","Dawid Podsiadło","other","Szarość i Róż",0.658,2022-12-27 15:36:18,"medium","polish pop",5
"125","Dawid Podsiadło","studies","awejniak",0.489,2022-12-29 11:48:03,"medium","polish pop",203
"126","Dawid Podsiadło","studies","D I A B L E",0.72,2022-12-27 15:45:20,"fast","polish pop",143
"127","Dawid Podsiadło","studies","D I A B L E",0.72,2022-12-27 16:13:20,"fast","polish pop",185
"128","Dawid Podsiadło","studies","D I A B L E",0.72,2022-12-28 10:51:20,"fast","polish pop",156
"129","Dawid Podsiadło","studies","Halo",0.521,2022-12-28 11:48:07,"medium","polish pop",195
"130","Dawid Podsiadło","studies","Nie lubię Cię",0.883,2022-12-27 12:18:05,"fast","polish pop",92
"131","Dawid Podsiadło","studies","Nie lubię Cię",0.883,2022-12-27 16:59:18,"fast","polish pop",32
"132","Dawid Podsiadło","studies","Nie lubię Cię",0.883,2022-12-28 11:07:34,"fast","polish pop",85
"133","Dawid Podsiadło","studies","O czym śnisz?",0.837,2022-12-28 12:01:34,"fast","polish pop",161
"134","Dawid Podsiadło","studies","Pastempomat",0.672,2022-12-28 20:39:57,"fast","polish pop",155
"135","Dawid Podsiadło","studies","Szarość i Róż",0.658,2022-12-27 15:36:18,"medium","polish pop",217
"136","Dawid Podsiadło","studies","Szarość i Róż",0.658,2022-12-27 16:07:18,"medium","polish pop",164
"137","Dawid Podsiadło","studies","Szarość i Róż",0.658,2022-12-28 10:36:18,"medium","polish pop",256
"138","Dawid Podsiadło","studies","TAZOSy",0.638,2022-12-29 18:28:29,"medium","polish pop",183
"139","Dawid Podsiadło","studies","WiRUS",0.575,2022-12-28 11:21:34,"medium","polish pop",25
"140","Dawid Tyszkowski","other","Tlen",0.431,2022-12-28 11:41:47,"medium","polish alternative",4
"141","Dawid Tyszkowski","studies","Tlen",0.431,2022-12-28 11:41:47,"medium","polish alternative",145
"142","Dean Martin","other","Let It Snow! Let It Snow! Let It Snow!",0.24,2022-12-27 13:02:02,"slow","adult standards",67
"143","Dean Martin","other","Rudolph The Red-Nosed Reindeer",0.201,2022-12-27 13:27:44,"slow","adult standards",126
"144","Dean Martin","studies","Let It Snow! Let It Snow! Let It Snow!",0.24,2022-12-27 13:02:02,"slow","adult standards",8
"145","Dean Martin","studies","Rudolph The Red-Nosed Reindeer",0.201,2022-12-27 13:27:44,"slow","adult standards",11
"146","Deemz","studies","Tyle O Tobie Wiem",0.509,2022-12-28 10:44:15,"medium","polish hip hop",137
"147","Deluxe","studies","Pony",0.586,2022-12-22 13:54:44,"medium","french indie pop",141
"148","DJ Wielki Huj","free time","1995 - DJ Wielki Huj Remix",0.683,2022-12-28 10:08:53,"fast","klubowe",32
"149","DJ Wielki Huj","studies","1995 - DJ Wielki Huj Remix",0.683,2022-12-28 10:08:53,"fast","klubowe",31
"150","Doja Cat","free time","Vegas (From the Original Motion Picture Soundtrack ELVIS)",0.601,2022-12-29 16:31:56,"medium","dance pop",121
"151","Doja Cat","other","Vegas (From the Original Motion Picture Soundtrack ELVIS)",0.601,2022-12-29 16:31:56,"medium","dance pop",66
"152","Doja Cat","studies","Vegas (From the Original Motion Picture Soundtrack ELVIS)",0.601,2022-12-29 16:31:56,"medium","dance pop",23
"153","Don Poldon","other","Suota",0.498,2022-12-27 19:00:55,"medium","polish alternative rap",20
"154","Don Poldon","other","Suota",0.498,2022-12-27 20:25:55,"medium","polish alternative rap",8
"155","Don Poldon","studies","Suota",0.498,2022-12-27 19:00:55,"medium","polish alternative rap",133
"156","Don Poldon","studies","Suota",0.498,2022-12-27 20:25:55,"medium","polish alternative rap",134
"157","Drew Skinner","studies","Buckycubes Swing (Baker Cat)",0.753,2022-12-22 13:50:01,"fast","electro swing",107
"158","Dwa Sławy","other","Wstępnie Nie",0.754,2022-12-18 15:44:57,"fast","polish hip hop",1
"159","Dwa Sławy","studies","Wstępnie Nie",0.754,2022-12-18 15:44:57,"fast","polish hip hop",224
"160","Ella Fitzgerald","other","Sleigh Ride",0.287,2022-12-27 13:42:04,"slow","adult standards",53
"161","Ella Fitzgerald","studies","Sleigh Ride",0.287,2022-12-27 13:42:04,"slow","adult standards",59
"162","Elton John","other","Step Into Christmas",0.925,2022-12-18 20:19:27,"fast","glam rock",61
"163","Elton John","studies","Step Into Christmas",0.925,2022-12-18 20:19:27,"fast","glam rock",165
"164","Eminem","free time","Superman",0.755,2022-12-18 16:28:01,"fast","detroit hip hop",125
"165","Frank Sinatra","other","Let It Snow! Let It Snow! Let It Snow! (with The B. Swanson Quartet)",0.259,2022-12-27 13:15:24,"slow","adult standards",63
"166","Frank Sinatra","studies","Let It Snow! Let It Snow! Let It Snow! (with The B. Swanson Quartet)",0.259,2022-12-27 13:15:24,"slow","adult standards",88
"167","Gallowstreet","other","Asterix",0.668,2022-12-18 11:21:25,"fast","street band",19
"168","Gallowstreet","other","Asterix",0.668,2022-12-22 13:14:25,"fast","street band",75
"169","Gallowstreet","studies","Asterix",0.668,2022-12-18 11:21:25,"fast","street band",233
"170","Gallowstreet","studies","Asterix",0.668,2022-12-18 13:41:25,"fast","street band",303
"171","Gallowstreet","studies","Asterix",0.668,2022-12-22 13:14:25,"fast","street band",233
"172","Glass Animals","studies","Heat Waves",0.525,2022-12-29 17:21:01,"medium","gauze pop",238
"173","Gnarls Barkley","studies","Crazy",0.741,2022-12-28 20:08:02,"fast","atl hip hop",135
"174","GoGo Penguin","other","Hopopono",0.423,2022-12-18 14:04:03,"medium","british jazz",4
"175","GoGo Penguin","studies","Hopopono",0.423,2022-12-18 14:04:03,"medium","british jazz",236
"176","Gorillaz","studies","Feel Good Inc.",0.705,2022-12-28 20:20:17,"fast","alternative hip hop",222
"177","Gotye","studies","Somebody That I Used To Know",0.495,2022-12-28 20:10:55,"medium","australian pop",221
"178","Grubson","studies","G D Z I E Ś",0.651,2022-12-21 15:40:34,"medium","polish hip hop",207
"179","Gruby Mielzky","free time","Jak Wyśnię",0.63,2022-12-18 16:09:28,"medium","polish alternative rap",53
"180","Gruby Mielzky","free time","Jak Wyśnię",0.63,2022-12-18 16:13:18,"medium","polish alternative rap",213
"181","Gruby Mielzky","other","Jak Wyśnię",0.63,2022-12-18 16:09:28,"medium","polish alternative rap",1
"182","Guzior","free time","Paryż",0.593,2022-12-28 10:04:37,"medium","polish hip hop",23
"183","Guzior","other","Chabo",0.697,2022-12-18 11:04:51,"fast","polish hip hop",15
"184","Guzior","other","Chabo",0.697,2022-12-26 23:58:01,"fast","polish hip hop",7
"185","Guzior","other","Chabo",0.697,2022-12-27 14:44:01,"fast","polish hip hop",25
"186","Guzior","other","Chabo",0.697,2022-12-27 15:29:01,"fast","polish hip hop",109
"187","Guzior","other","Chabo",0.697,2022-12-27 16:00:01,"fast","polish hip hop",3
"188","Guzior","studies","Chabo",0.697,2022-12-18 10:52:01,"fast","polish hip hop",124
"189","Guzior","studies","Chabo",0.697,2022-12-18 11:04:51,"fast","polish hip hop",100
"190","Guzior","studies","Chabo",0.697,2022-12-26 22:22:01,"fast","polish hip hop",219
"191","Guzior","studies","Chabo",0.697,2022-12-26 23:58:01,"fast","polish hip hop",53
"192","Guzior","studies","Chabo",0.697,2022-12-27 14:44:01,"fast","polish hip hop",131
"193","Guzior","studies","Chabo",0.697,2022-12-27 15:29:01,"fast","polish hip hop",35
"194","Guzior","studies","Chabo",0.697,2022-12-27 16:00:01,"fast","polish hip hop",152
"195","Guzior","studies","Chabo",0.697,2022-12-28 10:25:01,"fast","polish hip hop",178
"196","Guzior","studies","Chabo",0.697,2022-12-29 18:46:01,"fast","polish hip hop",146
"197","Guzior","studies","Paryż",0.593,2022-12-28 10:04:37,"medium","polish hip hop",70
"198","Gwen Stefani","other","You Make It Feel Like Christmas (feat. Blake Shelton)",0.87,2022-12-18 21:51:23,"fast","dance pop",156
"199","Hodak","free time","Online",0.657,2022-12-26 23:26:19,"medium","polish alternative rap",1
"200","Hodak","studies","Inny Świat",0.272,2022-12-29 11:45:31,"slow","polish alternative rap",96
"201","Hodak","studies","Online",0.657,2022-12-26 23:26:19,"medium","polish alternative rap",172
"202","Imagine Dragons","free time","Second Chances",0.567,2022-12-18 10:58:22,"medium","modern rock",8
"203","Imagine Dragons","other","Second Chances",0.567,2022-12-18 10:58:22,"medium","modern rock",2
"204","Imagine Dragons","studies","Radioactive",0.784,2022-12-28 20:04:53,"fast","modern rock",28
"205","Imagine Dragons","studies","Second Chances",0.567,2022-12-18 10:58:22,"medium","modern rock",211
"206","J. Cole","studies","She Knows (feat. Amber Coffman & Cults)",0.74,2022-12-29 18:13:57,"fast","conscious hip hop",159
"207","Jack Harlow","other","First Class",0.582,2022-12-29 16:25:06,"medium","deep underground hip hop",41
"208","Jack Harlow","studies","First Class",0.582,2022-12-29 16:25:06,"medium","deep underground hip hop",44
"209","Jan-Rapowanie","studies","Bąbelek",0.57,2022-12-28 20:47:54,"medium","polish hip hop",207
"210","Jan-Rapowanie","studies","Co ja wiem?",0.745,2022-12-29 11:42:02,"fast","polish hip hop",177
"211","Jan-Rapowanie","studies","Wybory",0.739,2022-12-29 17:09:27,"fast","polish hip hop",250
"212","John Frusciante","other","Murderers",0.753,2022-12-18 13:18:19,"fast","acoustic rock",2
"213","John Frusciante","other","Murderers",0.753,2022-12-22 12:35:19,"fast","acoustic rock",147
"214","John Frusciante","other","Ramparts",0.428,2022-12-22 13:05:49,"medium","acoustic rock",65
"215","John Frusciante","studies","Murderers",0.753,2022-12-18 13:18:19,"fast","acoustic rock",116
"216","John Frusciante","studies","Murderers",0.753,2022-12-22 13:21:19,"fast","acoustic rock",160
"217","John Frusciante","studies","Ramparts",0.428,2022-12-18 14:10:49,"medium","acoustic rock",59
"218","John Lennon","other","Happy Xmas (War Is Over) - Remastered 2010",0.64,2022-12-27 13:38:25,"medium","album rock",106
"219","John Lennon","studies","Happy Xmas (War Is Over) - Remastered 2010",0.64,2022-12-27 13:38:25,"medium","album rock",100
"220","José Feliciano","free time","Feliz Navidad",0.831,2022-12-27 12:42:57,"fast","latin pop",4
"221","José Feliciano","other","Feliz Navidad",0.831,2022-12-27 12:42:57,"fast","latin pop",65
"222","José Feliciano","other","Feliz Navidad",0.831,2022-12-27 12:53:57,"fast","latin pop",132
"223","José Feliciano","studies","Feliz Navidad",0.831,2022-12-27 12:42:57,"fast","latin pop",64
"224","José Feliciano","studies","Feliz Navidad",0.831,2022-12-27 12:53:57,"fast","latin pop",33
"225","K.Flay","other","Blood In The Cut",0.655,2022-12-29 15:55:51,"medium","electropop",8
"226","K.Flay","studies","Blood In The Cut",0.655,2022-12-29 15:55:51,"medium","electropop",135
"227","Kamil Holden Kryszak","other","Wszystko",0.267,2022-12-28 20:59:27,"slow","polish alternative",13
"228","Kamil Holden Kryszak","studies","Wszystko",0.267,2022-12-28 20:59:27,"slow","polish alternative",215
"229","Kaśka Sochacka","other","Sukienka",0.472,2022-12-29 16:43:32,"medium","polish pop",26
"230","Kaśka Sochacka","studies","Sukienka",0.472,2022-12-29 16:43:32,"medium","polish pop",133
"231","Katy Perry","other","Cozy Little Christmas",0.608,2022-12-18 20:01:57,"medium","dance pop",1
"232","Katy Perry","studies","Cozy Little Christmas",0.608,2022-12-18 20:01:57,"medium","dance pop",45
"233","KAYTRANADA","free time","Vex Oh (feat. Eight9FLY)",0.645,2022-12-18 16:43:17,"medium","escape room",3
"234","KAYTRANADA","studies","Vex Oh (feat. Eight9FLY)",0.645,2022-12-18 16:43:17,"medium","escape room",119
"235","KęKę","studies","Gdy przyjdzie czas",0.884,2022-12-21 15:32:50,"fast","polish alternative rap",181
"236","KęKę","studies","Nigdy ponad stan",0.737,2022-12-29 16:10:57,"fast","polish alternative rap",182
"237","Kormac","other","Big Bad Trumpet Player",0.269,2022-12-22 13:01:02,"slow","electro swing",154
"238","Kormac","studies","Big Bad Trumpet Player",0.269,2022-12-18 14:20:02,"slow","electro swing",146
"239","Kortez","free time","Boję się",0.677,2022-12-29 16:13:36,"fast","polish alternative",8
"240","Kortez","studies","Boję się",0.677,2022-12-29 16:13:36,"fast","polish alternative",171
"241","Kosa","studies","Zabierz mnie tam",0.56,2022-12-21 14:48:04,"medium","polish alternative rap",175
"242","Kosa","studies","Zabierz mnie tam",0.56,2022-12-26 23:02:04,"medium","polish alternative rap",130
"243","Kosa","studies","Zabierz mnie tam",0.56,2022-12-28 11:59:04,"medium","polish alternative rap",186
"244","Koza","studies","3000",0.74,2022-12-29 16:08:46,"fast","polish alternative rap",134
"245","Kuba Knap","studies","Dobry Wariat",0.637,2022-12-21 16:05:57,"medium","polish alternative rap",243
"246","Kuban","free time","na okrągło",0.525,2022-12-18 10:45:51,"medium","polish alternative rap",15
"247","Kuban","other","na okrągło",0.525,2022-12-18 10:45:51,"medium","polish alternative rap",8
"248","Kuban","other","na okrągło",0.525,2022-12-21 15:56:51,"medium","polish alternative rap",3
"249","Kuban","studies","na okrągło",0.525,2022-12-18 10:45:51,"medium","polish alternative rap",136
"250","Kuban","studies","na okrągło",0.525,2022-12-21 15:56:51,"medium","polish alternative rap",175
"251","Lack Of Afro","other","One for the Trouble",0.849,2022-12-22 13:35:55,"fast","bboy",8
"252","Lack Of Afro","studies","One for the Trouble",0.849,2022-12-18 14:15:55,"fast","bboy",244
"253","Lack Of Afro","studies","One for the Trouble",0.849,2022-12-22 13:35:55,"fast","bboy",251
"254","Łajzol","studies","Łajzol Serious",0.69,2022-12-21 16:27:18,"fast","polish alternative rap",219
"255","Laurence Nerbonne","other","All I Want For Christmas Is You",0.428,2022-12-18 21:53:55,"medium","hip hop quebecois",175
"256","Łona I Webber","studies","Ballada o Szlachetnym Czorcie",0.532,2022-12-21 14:55:43,"medium","polish alternative",164
"257","Łona I Webber","studies","Ballada o Szlachetnym Czorcie",0.532,2022-12-26 22:59:43,"medium","polish alternative",93
"258","Lordofon","other","04:35",0.572,2022-12-27 19:15:30,"medium","polish alternative",11
"259","Lordofon","other","Figaro",0.699,2022-12-27 18:40:55,"fast","polish alternative",49
"260","Lordofon","studies","04:35",0.572,2022-12-27 19:15:30,"medium","polish alternative",63
"261","Lordofon","studies","16mm",0.519,2022-12-27 18:50:55,"medium","polish alternative",153
"262","Lordofon","studies","16mm",0.519,2022-12-27 20:12:33,"medium","polish alternative",26
"263","Lordofon","studies","Figaro",0.699,2022-12-27 18:40:55,"fast","polish alternative",47
"264","Louis Villain","studies","1:01",0.556,2022-12-21 16:33:59,"medium","polish alternative rap",64
"265","Louis Villain","studies","Amerykański sen",0.452,2022-12-21 15:51:16,"medium","polish alternative rap",153
"266","Louis Villain","studies","Bellucci",0.629,2022-12-21 16:10:45,"medium","polish alternative rap",194
"267","Louis Villain","studies","Fred Perry",0.723,2022-12-21 15:25:15,"fast","polish alternative rap",146
"268","Louis Villain","studies","Miasto tonie",0.467,2022-12-21 15:06:10,"medium","polish alternative rap",169
"269","Lucky Chops","free time","Buyo",0.53,2022-12-18 11:06:24,"medium","brass band",1
"270","Lucky Chops","other","Behroozi",0.81,2022-12-18 11:17:30,"fast","brass band",2
"271","Lucky Chops","other","Behroozi",0.81,2022-12-22 13:24:30,"fast","brass band",189
"272","Lucky Chops","other","Buyo",0.53,2022-12-22 12:38:24,"medium","brass band",255
"273","Lucky Chops","other","Danza 2016",0.866,2022-12-18 11:25:59,"fast","brass band",11
"274","Lucky Chops","other","Danza 2016",0.866,2022-12-22 13:41:59,"fast","brass band",29
"275","Lucky Chops","studies","Behroozi",0.81,2022-12-18 11:17:30,"fast","brass band",220
"276","Lucky Chops","studies","Behroozi",0.81,2022-12-18 13:35:30,"fast","brass band",183
"277","Lucky Chops","studies","Buyo",0.53,2022-12-18 11:06:24,"medium","brass band",255
"278","Lucky Chops","studies","Buyo",0.53,2022-12-18 13:21:24,"medium","brass band",272
"279","Lucky Chops","studies","Coco - Live",0.758,2022-12-18 11:14:22,"fast","brass band",218
"280","Lucky Chops","studies","Coco - Live",0.758,2022-12-18 13:51:22,"fast","brass band",201
"281","Lucky Chops","studies","Coco - Live",0.758,2022-12-22 13:10:22,"fast","brass band",182
"282","Lucky Chops","studies","Danza 2016",0.866,2022-12-18 11:25:59,"fast","brass band",274
"283","Lucky Chops","studies","Danza 2016",0.866,2022-12-22 13:41:59,"fast","brass band",239
"284","Lucky Chops","studies","Funkytown / I Feel Good",0.743,2022-12-22 13:58:03,"fast","brass band",324
"285","LUNA","studies","Marznę",0.447,2022-12-29 16:08:49,"medium","polish alternative",10
"286","Lyre Le Temps","other","Brokopoly",0.736,2022-12-22 13:03:41,"fast","electro swing",147
"287","Lyre Le Temps","studies","Brokopoly",0.736,2022-12-18 15:35:08,"fast","electro swing",82
"288","Lyre Le Temps","studies","Done for Tomorrow",0.687,2022-12-18 13:33:05,"fast","electro swing",179
"289","Lyre Le Temps","studies","Prohibition Swing",0.79,2022-12-18 13:48:50,"fast","electro swing",174
"290","Lyre Le Temps","studies","Sad Swing",0.658,2022-12-18 13:55:48,"medium","electro swing",247
"291","M0LLY","studies","Gadka prosta",0.636,2022-12-21 15:21:35,"medium","polish alternative rap",162
"292","Mac Miller","studies","The Spins",0.766,2022-12-18 20:04:03,"fast","hip hop",39
"293","Magda Kluz","studies","Zimno",0.312,2022-12-27 15:39:40,"slow","polish alternative",90
"294","Magda Kluz","studies","Zimno",0.312,2022-12-28 10:34:40,"slow","polish alternative",127
"295","Małpa","other","Miałem to rzucić",0.68,2022-12-26 22:43:26,"fast","polish alternative rap",36
"296","Małpa","other","Miałem to rzucić",0.68,2022-12-27 15:01:26,"fast","polish alternative rap",15
"297","Małpa","studies","Miałem to rzucić",0.68,2022-12-26 22:43:26,"fast","polish alternative rap",115
"298","Małpa","studies","Miałem to rzucić",0.68,2022-12-27 15:01:26,"fast","polish alternative rap",91
"299","Małpa","studies","Najlepsze przed nami",0.635,2022-12-21 15:19:39,"medium","polish alternative rap",166
"300","Małpa","studies","Skała",0.822,2022-12-21 15:05:28,"fast","polish alternative rap",1
"301","Małpa","studies","Tatuaże",0.574,2022-12-29 11:57:36,"medium","polish alternative rap",195
"302","Mammal Hands","other","Kandaiki",0.423,2022-12-22 12:44:44,"medium","contemporary jazz",315
"303","Mammal Hands","studies","Kandaiki",0.423,2022-12-18 13:58:44,"medium","contemporary jazz",285
"304","Manu Chao","free time","Me Gustas Tu",0.741,2022-12-28 20:01:00,"fast","latin alternative",1
"305","Manu Chao","studies","Me Gustas Tu",0.741,2022-12-28 20:01:00,"fast","latin alternative",266
"306","Mariah Carey","other","All I Want for Christmas Is You",0.627,2022-12-27 13:32:58,"medium","dance pop",195
"307","Maroon 5","studies","Moves Like Jagger - Studio Recording From ""The Voice"" Performance",0.758,2022-12-28 20:31:09,"fast","pop",44
"308","Mata","studies","</3",0.558,2022-12-29 18:26:48,"medium","polish hip hop",131
"309","Męskie Granie Orkiestra 2021","studies","I Ciebie też, bardzo (feat. Daria Zawiałow, Dawid Podsiadło & Vito Bambino)",0.743,2022-12-28 11:28:30,"fast","polish alternative",213
"310","Michael Bublé","other","Holly Jolly Christmas",0.465,2022-12-27 13:03:58,"medium","adult standards",97
"311","Michael Bublé","other","Let It Snow! - 10th Anniversary",0.531,2022-12-27 13:30:20,"medium","adult standards",126
"312","Michael Bublé","studies","Holly Jolly Christmas",0.465,2022-12-27 13:03:58,"medium","adult standards",43
"313","Michael Bublé","studies","Let It Snow! - 10th Anniversary",0.531,2022-12-27 13:30:20,"medium","adult standards",27
"314","Milky Chance","studies","Stolen Dance",0.581,2022-12-28 20:14:46,"medium","german pop",264
"315","Miły ATZ","free time",":-)",0.801,2022-12-28 20:55:30,"fast","polish alternative rap",3
"316","Miły ATZ","free time",":-)",0.801,2022-12-29 16:04:30,"fast","polish alternative rap",2
"317","Miły ATZ","other",":-)",0.801,2022-12-21 14:58:30,"fast","polish alternative rap",12
"318","Miły ATZ","studies",":-)",0.801,2022-12-21 14:58:30,"fast","polish alternative rap",167
"319","Miły ATZ","studies",":-)",0.801,2022-12-28 20:55:30,"fast","polish alternative rap",216
"320","Miły ATZ","studies",":-)",0.801,2022-12-29 16:04:30,"fast","polish alternative rap",213
"321","Miły ATZ","studies","7 Razy",0.609,2022-12-21 16:17:26,"medium","polish alternative rap",213
"322","Miły ATZ","studies","Lek",0.589,2022-12-21 15:16:26,"medium","polish alternative rap",150
"323","Miły ATZ","studies","Nowa Norma",0.721,2022-12-21 15:35:16,"fast","polish alternative rap",133
"324","Miły ATZ","studies","Płucko",0.569,2022-12-21 15:53:56,"medium","polish alternative rap",148
"325","Miły ATZ","studies","Z Pierwszej Ręki",0.606,2022-12-21 14:41:43,"medium","polish alternative rap",196
"326","MŁODY DZBAN","studies","Ollie - beskitu edit",0.519,2022-12-27 19:18:14,"medium","polish alternative rap",56
"327","Młody Yerba","studies","Hades",0.504,2022-12-28 10:01:12,"medium","polish trap",137
"328","Mlodyskiny","free time","Towar",0.804,2022-12-27 17:00:04,"fast","polish trap",3
"329","Mlodyskiny","free time","Towar",0.804,2022-12-27 17:02:04,"fast","polish trap",2
"330","Mlodyskiny","other","0 0",0.695,2022-12-27 20:15:33,"fast","polish trap",9
"331","Mlodyskiny","other","CO U CIEBIE SŁYCHAĆ?",0.406,2022-12-27 18:49:00,"medium","polish trap",2
"332","Mlodyskiny","other","Crystal Tears",0.783,2022-12-27 18:37:56,"fast","polish trap",21
"333","Mlodyskiny","other","MARTWE SPODNIE PRADA",0.577,2022-12-27 19:10:44,"medium","polish trap",13
"334","Mlodyskiny","other","Równi I Równiejsi",0.882,2022-12-27 19:19:56,"fast","polish trap",3
"335","Mlodyskiny","other","Zęby",0.449,2022-12-27 18:55:55,"medium","polish trap",124
"336","Mlodyskiny","studies","0 0",0.695,2022-12-27 20:15:33,"fast","polish trap",185
"337","Mlodyskiny","studies","CO U CIEBIE SŁYCHAĆ?",0.406,2022-12-27 18:49:00,"medium","polish trap",67
"338","Mlodyskiny","studies","Crystal Tears",0.783,2022-12-27 18:37:56,"fast","polish trap",71
"339","Mlodyskiny","studies","Crystal Tears",0.783,2022-12-27 20:07:56,"fast","polish trap",123
"340","Mlodyskiny","studies","MARTWE SPODNIE PRADA",0.577,2022-12-27 19:10:44,"medium","polish trap",59
"341","Mlodyskiny","studies","Równi I Równiejsi",0.882,2022-12-27 19:19:56,"fast","polish trap",131
"342","Mlodyskiny","studies","Towar",0.804,2022-12-26 22:57:04,"fast","polish trap",99
"343","Mlodyskiny","studies","Towar",0.804,2022-12-26 23:20:04,"fast","polish trap",95
"344","Mlodyskiny","studies","Towar",0.804,2022-12-26 23:22:04,"fast","polish trap",106
"345","Mlodyskiny","studies","Towar",0.804,2022-12-27 17:00:04,"fast","polish trap",94
"346","Mlodyskiny","studies","Towar",0.804,2022-12-27 17:02:04,"fast","polish trap",78
"347","Mlodyskiny","studies","Towar",0.804,2022-12-27 19:33:04,"fast","polish trap",77
"348","Mlodyskiny","studies","Towar",0.804,2022-12-28 10:07:04,"fast","polish trap",92
"349","Mlodyskiny","studies","Towar",0.804,2022-12-29 17:15:04,"fast","polish trap",115
"350","Mlodyskiny","studies","Zęby",0.449,2022-12-28 10:09:55,"medium","polish trap",120
"351","Mlodyskiny","studies","Zioło i Perfumy",0.636,2022-12-27 18:23:55,"medium","polish trap",125
"352","Mlodyskiny","studies","Zioło i Perfumy",0.636,2022-12-27 19:51:55,"medium","polish trap",134
"353","Nat King Cole","other","Deck The Halls",0.437,2022-12-27 13:36:51,"medium","adult standards",26
"354","Nat King Cole","other","The Christmas Song (Merry Christmas To You)",0.21,2022-12-27 13:24:47,"slow","adult standards",51
"355","Nat King Cole","studies","Deck The Halls",0.437,2022-12-27 13:36:51,"medium","adult standards",38
"356","Nat King Cole","studies","The Christmas Song (Merry Christmas To You)",0.21,2022-12-27 13:24:47,"slow","adult standards",95
"357","Oki","free time","SIRI",0.708,2022-12-18 16:33:55,"fast","polish hip hop",213
"358","Oki","other","ADHD",0.672,2022-12-29 15:44:24,"fast","polish hip hop",61
"359","Oki","studies","ADHD",0.672,2022-12-29 15:44:24,"fast","polish hip hop",116
"360","Oki","studies","Jakie To Uczucie?",0.633,2022-12-29 17:24:17,"medium","polish hip hop",147
"361","Oliver Gigon","studies","Trufle",0.601,2022-12-28 11:44:49,"medium","polish pop",155
"362","OneRepublic","studies","Counting Stars",0.705,2022-12-28 20:27:42,"fast","piano rock",260
"363","Onra","other","Ms. Ho",0.542,2022-12-22 13:28:03,"medium","chillhop",116
"364","Onra","studies","Ms. Ho",0.542,2022-12-18 13:39:03,"medium","chillhop",116
"365","Otsochodzi","free time","Tarcho Terror",0.775,2022-12-27 14:56:32,"fast","polish hip hop",1
"366","Otsochodzi","other","KFC",0.84,2022-12-18 10:49:31,"fast","polish hip hop",35
"367","Otsochodzi","other","KFC",0.84,2022-12-27 14:41:31,"fast","polish hip hop",1
"368","Otsochodzi","other","KFC",0.84,2022-12-28 19:50:31,"fast","polish hip hop",17
"369","Otsochodzi","other","Tarcho Terror",0.775,2022-12-27 14:56:32,"fast","polish hip hop",59
"370","Otsochodzi","other","Waka Flocka",0.62,2022-12-27 18:57:42,"medium","polish hip hop",67
"371","Otsochodzi","other","Yessirski",0.623,2022-12-29 15:47:58,"medium","polish hip hop",1
"372","Otsochodzi","studies","KFC",0.84,2022-12-18 10:49:31,"fast","polish hip hop",121
"373","Otsochodzi","studies","KFC",0.84,2022-12-19 22:30:31,"fast","polish hip hop",165
"374","Otsochodzi","studies","KFC",0.84,2022-12-27 14:41:31,"fast","polish hip hop",119
"375","Otsochodzi","studies","KFC",0.84,2022-12-28 19:50:31,"fast","polish hip hop",105
"376","Otsochodzi","studies","KFC",0.84,2022-12-29 18:40:31,"fast","polish hip hop",178
"377","Otsochodzi","studies","SMS",0.78,2022-12-27 17:08:24,"fast","polish hip hop",108
"378","Otsochodzi","studies","Taka Praca",0.641,2022-12-21 15:09:20,"medium","polish hip hop",99
"379","Otsochodzi","studies","Tarcho Terror",0.775,2022-12-18 16:26:51,"fast","polish hip hop",21
"380","Otsochodzi","studies","Tarcho Terror",0.775,2022-12-27 14:56:32,"fast","polish hip hop",30
"381","Otsochodzi","studies","Waka Flocka",0.62,2022-12-27 18:57:42,"medium","polish hip hop",73
"382","Otsochodzi","studies","Waka Flocka",0.62,2022-12-27 20:18:42,"medium","polish hip hop",197
"383","Paktofonika","free time","C.D. Kinematografii",0.901,2022-12-26 23:34:45,"fast","polish hip hop",1
"384","Paktofonika","free time","Chwile Ulotne",0.695,2022-12-18 16:29:31,"fast","polish hip hop",275
"385","Paktofonika","studies","C.D. Kinematografii",0.901,2022-12-26 23:34:45,"fast","polish hip hop",223
"386","Paktofonika","studies","Gdyby...",0.517,2022-12-26 22:53:12,"medium","polish hip hop",47
"387","Paktofonika","studies","Nowiny",0.707,2022-12-26 22:29:15,"fast","polish hip hop",130
"388","Paluch","other","Niedopasowany",0.624,2022-12-28 10:56:30,"medium","polish hip hop",2
"389","Paluch","studies","Niedopasowany",0.624,2022-12-28 10:56:30,"medium","polish hip hop",160
"390","Paluch","studies","Niedopasowany",0.624,2022-12-29 11:54:30,"medium","polish hip hop",179
"391","Parov Stelar","studies","Booty Swing",0.669,2022-12-18 13:26:42,"fast","balkan beats",242
"392","Pezet","free time","Ukryty w Mieście Krzyk",0.665,2022-12-18 16:22:38,"medium","polish hip hop",28
"393","Pezet","other","Tyrmand i Hłasko",0.643,2022-12-28 11:36:55,"medium","polish hip hop",6
"394","Pezet","other","Ukryty w Mieście Krzyk",0.665,2022-12-18 16:22:38,"medium","polish hip hop",24
"395","Pezet","studies","Tyrmand i Hłasko",0.643,2022-12-28 11:36:55,"medium","polish hip hop",229
"396","Pezet","studies","Ukryty w Mieście Krzyk",0.665,2022-12-18 16:22:38,"medium","polish hip hop",158
"397","PRO8L3M","other","Ritz Carlton - Remix",0.787,2022-12-27 15:42:08,"fast","polish alternative rap",40
"398","PRO8L3M","other","Ritz Carlton - Remix",0.787,2022-12-27 16:11:08,"fast","polish alternative rap",91
"399","PRO8L3M","studies","Freon",0.719,2022-12-29 12:02:08,"fast","polish alternative rap",205
"400","PRO8L3M","studies","Ritz Carlton - Remix",0.787,2022-12-27 15:42:08,"fast","polish alternative rap",101
"401","PRO8L3M","studies","Ritz Carlton - Remix",0.787,2022-12-27 16:11:08,"fast","polish alternative rap",50
"402","PRO8L3M","studies","Ritz Carlton - Remix",0.787,2022-12-28 10:31:08,"fast","polish alternative rap",141
"403","PRO8L3M","studies","Ritz Carlton - Remix",0.787,2022-12-28 19:32:08,"fast","polish alternative rap",126
"404","PRO8L3M","studies","The End Fin Esc Abort",0.739,2022-12-28 10:12:04,"fast","polish alternative rap",55
"405","Quebonafide","other","TOKYO2020",0.518,2022-12-18 16:02:46,"medium","polish hip hop",18
"406","Quebonafide","studies","GAZPROM",0.815,2022-12-18 15:49:45,"fast","polish hip hop",181
"407","Quebonafide","studies","Half Dead",0.891,2022-12-29 16:17:21,"fast","polish hip hop",270
"408","Quebonafide","studies","RUMPELSTILSKIN",0.568,2022-12-27 15:48:31,"medium","polish hip hop",175
"409","Quebonafide","studies","RUMPELSTILSKIN",0.568,2022-12-27 16:17:31,"medium","polish hip hop",165
"410","Quebonafide","studies","RUMPELSTILSKIN",0.568,2022-12-28 10:40:31,"medium","polish hip hop",208
"411","Quebonafide","studies","RUMPELSTILSKIN",0.568,2022-12-28 19:41:12,"medium","polish hip hop",84
"412","Quebonafide","studies","TOKYO2020",0.518,2022-12-18 16:02:46,"medium","polish hip hop",193
"413","Ratatat","other","Cream On Chrome",0.692,2022-12-22 14:09:04,"fast","alternative dance",51
"414","Ratatat","studies","Cream On Chrome",0.692,2022-12-22 14:09:04,"fast","alternative dance",174
"415","Rau Performance","studies","Jak Makłowicz",0.482,2022-12-18 15:52:08,"medium","polish alternative",231
"416","Red Hot Chili Peppers","other","Pretty Little Ditty - Remastered",0.657,2022-12-22 14:12:52,"medium","alternative rock",1
"417","Red Hot Chili Peppers","studies","Dark Necessities",0.742,2022-12-29 15:58:58,"fast","alternative rock",295
"418","Red Hot Chili Peppers","studies","Pretty Little Ditty - Remastered",0.657,2022-12-22 14:12:52,"medium","alternative rock",202
"419","REI AMI","studies","DICTATOR",0.633,2022-12-29 15:43:51,"medium","alt z",8
"420","Roy Hargrove","other","Bring It On Home To Me",0.744,2022-12-22 13:51:59,"fast","bebop",4
"421","Roy Hargrove","studies","Bring It On Home To Me",0.744,2022-12-18 14:07:59,"fast","bebop",159
"422","Roy Hargrove","studies","Bring It On Home To Me",0.744,2022-12-22 13:51:59,"fast","bebop",180
"423","Rozen","studies","Nie wyjadę",0.323,2022-12-28 11:04:20,"slow","polish alternative",219
"424","sanah","other","ostatnia nadzieja",0.721,2022-12-28 11:00:14,"fast","polish pop",26
"425","sanah","studies","Bez słów",0.23,2022-12-28 20:50:52,"slow","polish pop",115
"426","sanah","studies","Bez słów",0.23,2022-12-29 17:14:20,"slow","polish pop",39
"427","sanah","studies","oscar",0.682,2022-12-28 11:25:41,"fast","polish pop",210
"428","sanah","studies","ostatnia nadzieja",0.721,2022-12-28 11:00:14,"fast","polish pop",141
"429","Sara James","other","Lovely Christmas",0.886,2022-12-18 20:10:11,"fast","junior eurovision",10
"430","Sara James","studies","Lovely Christmas",0.886,2022-12-18 20:10:11,"fast","junior eurovision",125
"431","schafter","free time","akt zgonu in blanco",0.585,2022-12-27 18:31:47,"medium","polish hip hop",2
"432","schafter","free time","martin shkreli freestyle",0.6,2022-12-18 16:37:19,"medium","polish hip hop",142
"433","schafter","free time","pager",0.705,2022-12-27 18:21:52,"fast","polish hip hop",1
"434","schafter","other","akt zgonu in blanco",0.585,2022-12-27 18:31:47,"medium","polish hip hop",183
"435","schafter","other","martin shkreli freestyle",0.6,2022-12-18 10:55:19,"medium","polish hip hop",24
"436","schafter","other","martin shkreli freestyle",0.6,2022-12-19 22:33:19,"medium","polish hip hop",21
"437","schafter","other","pager",0.705,2022-12-26 23:10:52,"fast","polish hip hop",1
"438","schafter","studies","akt zgonu in blanco",0.585,2022-12-26 23:23:33,"medium","polish hip hop",17
"439","schafter","studies","akt zgonu in blanco",0.585,2022-12-27 18:31:47,"medium","polish hip hop",1
"440","schafter","studies","akt zgonu in blanco",0.585,2022-12-27 19:59:47,"medium","polish hip hop",179
"441","schafter","studies","aperitif",0.584,2022-12-27 18:44:45,"medium","polish hip hop",92
"442","schafter","studies","aperitif",0.584,2022-12-27 20:06:45,"medium","polish hip hop",74
"443","schafter","studies","eskeemos",0.558,2022-12-29 18:20:44,"medium","polish hip hop",156
"444","schafter","studies","martin shkreli freestyle",0.6,2022-12-18 10:55:19,"medium","polish hip hop",116
"445","schafter","studies","martin shkreli freestyle",0.6,2022-12-19 22:33:19,"medium","polish hip hop",102
"446","schafter","studies","martin shkreli freestyle",0.6,2022-12-26 22:19:19,"medium","polish hip hop",131
"447","schafter","studies","martin shkreli freestyle",0.6,2022-12-27 17:04:19,"medium","polish hip hop",137
"448","schafter","studies","martin shkreli freestyle",0.6,2022-12-27 19:35:19,"medium","polish hip hop",107
"449","schafter","studies","martin shkreli freestyle",0.6,2022-12-28 19:52:19,"medium","polish hip hop",163
"450","schafter","studies","martin shkreli freestyle",0.6,2022-12-29 18:43:19,"medium","polish hip hop",141
"451","schafter","studies","pager",0.705,2022-12-26 23:10:52,"fast","polish hip hop",90
"452","schafter","studies","pager",0.705,2022-12-27 18:21:52,"fast","polish hip hop",115
"453","schafter","studies","pager",0.705,2022-12-27 19:49:52,"fast","polish hip hop",114
"454","Seven Phoenix","studies","PÓŹNE POPOŁUDNIE",0.457,2022-12-28 11:55:34,"medium","polish alternative",179
"455","Shakin' Stevens","other","Merry Christmas Everyone",0.904,2022-12-27 12:46:19,"fast","europop",61
"456","Shakin' Stevens","studies","Merry Christmas Everyone",0.904,2022-12-27 12:46:19,"fast","europop",80
"457","Skrubol","other","Fakap",0.731,2022-12-26 23:13:01,"fast","polish alternative rap",2
"458","Skrubol","studies","Fakap",0.731,2022-12-26 23:13:01,"fast","polish alternative rap",226
"459","Sokół","studies","Jednorożec",0.517,2022-12-21 15:46:11,"medium","polish hip hop",337
"460","Sons Of Kemet","other","To Never Forget The Source",0.378,2022-12-22 13:07:04,"medium","afrofuturism",199
"461","Sons Of Kemet","studies","To Never Forget The Source",0.378,2022-12-18 11:11:04,"medium","afrofuturism",175
"462","Sons Of Kemet","studies","To Never Forget The Source",0.378,2022-12-18 13:30:04,"medium","afrofuturism",138
"463","Sons Of Kemet","studies","To Never Forget The Source",0.378,2022-12-22 08:45:18,"medium","afrofuturism",41
"464","Souleance","studies","La Californie",0.756,2022-12-22 14:16:36,"fast","abstract beats",23
"465","Stach Bukowski","studies","Chłodno",0.48,2022-12-28 10:49:22,"medium","polish alternative",157
"466","Stevie Wonder","other","Someday At Christmas",0.44,2022-12-18 20:24:11,"medium","adult standards",168
"467","Stevie Wonder","other","What Christmas Means To Me",0.699,2022-12-27 13:10:31,"fast","adult standards",59
"468","Stevie Wonder","studies","What Christmas Means To Me",0.699,2022-12-27 13:10:31,"fast","adult standards",64
"469","Sweeper","studies","A Child's Birthday Waltz",0.279,2022-12-27 16:21:24,"slow","polish alternative",165
"470","Sweeper","studies","A Child's Birthday Waltz",0.279,2022-12-29 12:09:24,"slow","polish alternative",163
"471","Syndrom Paryski","studies","Zwiedzanie",0.641,2022-12-28 19:39:05,"medium","polish alternative",186
"472","Szczyl","other","Banda",0.519,2022-12-29 16:56:16,"medium","polish alternative",97
"473","Szczyl","other","Gdybym",0.299,2022-12-27 18:46:26,"slow","polish alternative",60
"474","Szczyl","other","Wielkie Miasta",0.626,2022-12-27 19:28:00,"medium","polish alternative",19
"475","Szczyl","studies","Banda",0.519,2022-12-29 16:56:16,"medium","polish alternative",132
"476","Szczyl","studies","Cień",0.703,2022-12-26 23:41:14,"fast","polish alternative",265
"477","Szczyl","studies","Gdybym",0.299,2022-12-26 23:32:26,"slow","polish alternative",170
"478","Szczyl","studies","Gdybym",0.299,2022-12-27 18:46:26,"slow","polish alternative",52
"479","Szczyl","studies","Gdybym",0.299,2022-12-27 20:10:26,"slow","polish alternative",150
"480","Szczyl","studies","Wielkie Miasta",0.626,2022-12-27 19:28:00,"medium","polish alternative",112
"481","Taco Hemingway","other","Deszcz Na Betonie",0.588,2022-12-28 20:43:51,"medium","polish hip hop",1
"482","Taco Hemingway","other","Nie Mam Czasu",0.628,2022-12-18 15:59:37,"medium","polish hip hop",2
"483","Taco Hemingway","studies","Deszcz Na Betonie",0.588,2022-12-28 20:43:51,"medium","polish hip hop",178
"484","Taco Hemingway","studies","Influenza",0.678,2022-12-18 15:40:31,"fast","polish hip hop",271
"485","Taco Hemingway","studies","Nie Mam Czasu",0.628,2022-12-18 15:59:37,"medium","polish hip hop",194
"486","Taco Hemingway","studies","SANATORIUM",0.667,2022-12-29 11:36:59,"fast","polish hip hop",165
"487","TACONAFIDE","free time","TLC",0.542,2022-12-18 16:16:41,"medium","polish hip hop",179
"488","TEKTONIKA","other","Karma",0.849,2022-12-27 19:04:20,"fast","polish alternative rap",112
"489","TEKTONIKA","studies","Karma",0.849,2022-12-26 23:44:53,"fast","polish alternative rap",6
"490","TEKTONIKA","studies","Karma",0.849,2022-12-27 19:04:20,"fast","polish alternative rap",51
"491","TEKTONIKA","studies","Karma",0.849,2022-12-27 20:22:20,"fast","polish alternative rap",221
"492","The Cassino","other","Coming Down",0.462,2022-12-27 15:51:50,"medium","polish indie",27
"493","The Cassino","studies","Coming Down",0.462,2022-12-27 16:20:27,"medium","polish indie",17
"494","The Cassino","studies","Coming Down",0.462,2022-12-28 11:10:00,"medium","polish indie",151
"495","The Cassino","studies","Coming Down",0.462,2022-12-28 19:35:03,"medium","polish indie",246
"496","The Cassino","studies","Twój Głos",0.831,2022-12-29 12:05:54,"fast","polish indie",142
"497","The Dumplings","other","Kocham być z tobą",0.688,2022-12-29 17:05:47,"fast","polish alternative",6
"498","The Dumplings","studies","Kocham być z tobą",0.688,2022-12-29 17:05:47,"fast","polish alternative",199
"499","The Fearless Flyers","studies","Nate Smith Is the Ace of Aces",0.823,2022-12-22 13:47:42,"fast","instrumental funk",120
"500","The Fearless Flyers","studies","Signed Sealed Delivered",0.942,2022-12-22 14:04:37,"fast","instrumental funk",72
"501","The Last Shadow Puppets","studies","Sweet Dreams, TN",0.566,2022-12-29 15:41:17,"medium","baroque pop",23
"502","The Laszlo Project","free time","Mr Sunshine",0.635,2022-12-18 13:15:35,"medium","jazz",10
"503","The Laszlo Project","other","Mr Sunshine",0.635,2022-12-18 13:15:35,"medium","jazz",65
"504","The Laszlo Project","other","Mr Sunshine",0.635,2022-12-22 12:31:31,"medium","jazz",149
"505","The Laszlo Project","studies","Mr Sunshine",0.635,2022-12-18 13:15:35,"medium","jazz",34
"506","The Laszlo Project","studies","Mr Sunshine",0.635,2022-12-22 12:31:31,"medium","jazz",22
"507","the small town kids","other","Wiatr",0.518,2022-12-28 20:54:00,"medium","polish alternative",3
"508","the small town kids","studies","Pamiętnik",0.408,2022-12-29 17:16:54,"medium","polish alternative",5
"509","the small town kids","studies","Wiatr",0.518,2022-12-28 20:54:00,"medium","polish alternative",107
"510","the small town kids","studies","Wiatr",0.518,2022-12-29 16:03:52,"medium","polish alternative",40
"511","The Strokes","free time","Call It Fate, Call It Karma",0.241,2022-12-27 12:41:20,"slow","alternative rock",2
"512","The Strokes","free time","Someday",0.521,2022-12-27 12:39:07,"medium","alternative rock",3
"513","The Strokes","free time","The Adults Are Talking",0.749,2022-12-27 12:19:50,"fast","alternative rock",20
"514","The Strokes","other","Call It Fate, Call It Karma",0.241,2022-12-27 12:35:35,"slow","alternative rock",9
"515","The Strokes","other","The Adults Are Talking",0.749,2022-12-27 12:19:50,"fast","alternative rock",27
"516","The Strokes","studies","Call It Fate, Call It Karma",0.241,2022-12-27 12:35:35,"slow","alternative rock",154
"517","The Strokes","studies","Call It Fate, Call It Karma",0.241,2022-12-27 12:41:20,"slow","alternative rock",71
"518","The Strokes","studies","Last Nite",0.899,2022-12-27 12:28:46,"fast","alternative rock",130
"519","The Strokes","studies","Reptilia",0.649,2022-12-27 12:25:20,"medium","alternative rock",171
"520","The Strokes","studies","Someday",0.521,2022-12-27 12:39:07,"medium","alternative rock",154
"521","The Strokes","studies","The Adults Are Talking",0.749,2022-12-27 12:19:50,"fast","alternative rock",182
"522","The Strokes","studies","You Only Live Once",0.908,2022-12-27 12:31:50,"fast","alternative rock",144
"523","Tom Petty and the Heartbreakers","other","Christmas All Over Again",0.831,2022-12-18 20:41:45,"fast","album rock",2
"524","Tom Petty and the Heartbreakers","studies","Christmas All Over Again",0.831,2022-12-18 20:41:45,"fast","album rock",44
"525","Tony Bennett","other","Winter Wonderland",0.453,2022-12-18 21:48:30,"medium","adult standards",149
"526","Train","studies","Shake Up Christmas",0.831,2022-12-18 20:34:07,"fast","dance pop",145
"527","TUZZA Globale","free time","FULL METAL JACKET",0.553,2022-12-27 14:51:00,"medium","polish alternative rap",7
"528","TUZZA Globale","other","FULL METAL JACKET",0.553,2022-12-27 14:51:00,"medium","polish alternative rap",34
"529","TUZZA Globale","other","FULL METAL JACKET",0.553,2022-12-29 16:35:00,"medium","polish alternative rap",179
"530","TUZZA Globale","studies","FULL METAL JACKET",0.553,2022-12-18 15:56:00,"medium","polish alternative rap",176
"531","TUZZA Globale","studies","FULL METAL JACKET",0.553,2022-12-26 22:34:00,"medium","polish alternative rap",174
"532","TUZZA Globale","studies","FULL METAL JACKET",0.553,2022-12-27 14:51:00,"medium","polish alternative rap",107
"533","Two Feet","other","Go Fuck Yourself",0.327,2022-12-29 16:59:50,"slow","indie poptimism",59
"534","Two Feet","studies","Go Fuck Yourself",0.327,2022-12-29 16:59:50,"slow","indie poptimism",33
"535","UPSAHL","other","People I Don't Like",0.573,2022-12-29 15:47:54,"medium","alt z",5
"536","Vance Joy","studies","Riptide",0.731,2022-12-28 20:23:35,"fast","folk-pop",222
"537","Vito Bambino","free time","Chyba Wiem",0.542,2022-12-26 23:45:33,"medium","polish alternative",11
"538","Vito Bambino","free time","Last Puff",0.463,2022-12-28 11:12:56,"medium","polish alternative",8
"539","Vito Bambino","other","Chyba Wiem",0.542,2022-12-26 23:45:33,"medium","polish alternative",19
"540","Vito Bambino","other","Chyba Wiem",0.542,2022-12-27 15:22:33,"medium","polish alternative",30
"541","Vito Bambino","other","Chyba Wiem",0.542,2022-12-28 19:28:33,"medium","polish alternative",2
"542","Vito Bambino","other","Last Puff",0.463,2022-12-28 11:12:56,"medium","polish alternative",1
"543","Vito Bambino","other","Nudy",0.45,2022-12-29 16:37:53,"medium","polish alternative",246
"544","Vito Bambino","other","Poszło",0.589,2022-12-27 15:32:15,"medium","polish alternative",38
"545","Vito Bambino","studies","Bunkrów Nie Ma",0.506,2022-12-28 11:52:12,"medium","polish alternative",237
"546","Vito Bambino","studies","Chyba Wiem",0.542,2022-12-26 23:45:33,"medium","polish alternative",152
"547","Vito Bambino","studies","Chyba Wiem",0.542,2022-12-26 23:54:33,"medium","polish alternative",187
"548","Vito Bambino","studies","Chyba Wiem",0.542,2022-12-27 15:22:33,"medium","polish alternative",105
"549","Vito Bambino","studies","Chyba Wiem",0.542,2022-12-27 15:53:33,"medium","polish alternative",128
"550","Vito Bambino","studies","Chyba Wiem",0.542,2022-12-28 10:17:33,"medium","polish alternative",179
"551","Vito Bambino","studies","Chyba Wiem",0.542,2022-12-28 19:28:33,"medium","polish alternative",165
"552","Vito Bambino","studies","Daddy Haze",0.551,2022-12-28 10:55:19,"medium","polish alternative",102
"553","Vito Bambino","studies","Daddy Haze",0.551,2022-12-29 12:50:44,"medium","polish alternative",13
"554","Vito Bambino","studies","L’amour",0.46,2022-12-28 10:46:37,"medium","polish alternative",142
"555","Vito Bambino","studies","L’amour",0.46,2022-12-29 11:51:37,"medium","polish alternative",97
"556","Vito Bambino","studies","Last Puff",0.463,2022-12-28 11:12:56,"medium","polish alternative",129
"557","Vito Bambino","studies","Maj",0.665,2022-12-28 11:33:10,"medium","polish alternative",173
"558","Vito Bambino","studies","Nie Róbmy Dzieci Dziś",0.385,2022-12-28 12:05:00,"medium","polish alternative",195
"559","Vito Bambino","studies","Poszło",0.589,2022-12-27 15:32:15,"medium","polish alternative",128
"560","Vito Bambino","studies","Poszło",0.589,2022-12-27 16:03:15,"medium","polish alternative",172
"561","Vito Bambino","studies","Poszło",0.589,2022-12-28 10:27:15,"medium","polish alternative",202
"562","Vito Bambino","studies","Poszło",0.589,2022-12-28 20:32:15,"medium","polish alternative",185
"563","Vito Bambino","studies","Poszło",0.589,2022-12-29 15:37:15,"medium","polish alternative",183
"564","Vito Bambino","studies","Rampage",0.433,2022-12-18 16:51:14,"medium","polish alternative",232
"565","Vito Bambino","studies","Rampage",0.433,2022-12-28 11:21:14,"medium","polish alternative",225
"566","Vixen","studies","Iskra",0.749,2022-12-21 16:03:49,"fast","polish alternative rap",130
"567","Vixen","studies","Sam",0.719,2022-12-21 16:24:03,"fast","polish alternative rap",146
"568","Vulfpeck","other","Fugue State",0.465,2022-12-22 13:30:18,"medium","ann arbor indie",23
"569","Vulfpeck","studies","Fugue State",0.465,2022-12-18 13:46:18,"medium","ann arbor indie",149
"570","Vulfpeck","studies","Fugue State",0.465,2022-12-22 13:30:18,"medium","ann arbor indie",123
"571","Vulfpeck","studies","The Speedwalker",0.549,2022-12-22 13:14:24,"medium","ann arbor indie",35
"572","WCK","other","Lubię pachnieć Tobą",0.582,2022-12-28 11:17:12,"medium","polish alternative rap",1
"573","WCK","other","Lubię pachnieć Tobą",0.582,2022-12-29 16:41:34,"medium","polish alternative rap",77
"574","WCK","other","Lubię pachnieć Tobą",0.582,2022-12-29 18:49:12,"medium","polish alternative rap",66
"575","WCK","studies","Lubię pachnieć Tobą",0.582,2022-12-28 11:17:12,"medium","polish alternative rap",185
"576","WCK","studies","Lubię pachnieć Tobą",0.582,2022-12-29 11:45:41,"medium","polish alternative rap",18
"577","WCK","studies","Lubię pachnieć Tobą",0.582,2022-12-29 18:49:12,"medium","polish alternative rap",135
"578","Wham!","other","Last Christmas",0.478,2022-12-27 13:17:37,"medium","new wave pop",208
"579","Wham!","studies","Last Christmas",0.478,2022-12-27 13:17:37,"medium","new wave pop",12
"580","Wpierpol","studies","Rozmowa Kwalifikacyjna",0.774,2022-12-21 15:10:49,"fast","polish alternative rap",209
"581","Wpierpol","studies","Rozmowa Kwalifikacyjna",0.774,2022-12-27 14:56:01,"fast","polish alternative rap",45
"582","Zdechły Osa","free time","West Coast",0.86,2022-12-26 22:53:50,"fast","polish alternative rap",10
"583","Zdechły Osa","studies","West Coast",0.86,2022-12-26 22:53:50,"fast","polish alternative rap",129
"584","Zdechły Osa","studies","West Coast",0.86,2022-12-27 17:10:50,"fast","polish alternative rap",157
"585","Zdechły Osa","studies","West Coast",0.86,2022-12-27 19:41:50,"fast","polish alternative rap",181
