Rk,Player,Nation,Pos,Squad,Age,Born,90s,SCA,SCA90,PassLive,PassDead,Drib,Sh,Fld,Def,GCA,GCA90,PassLive,PassDead,Drib,Sh,Fld,Def,Matches,-9999
1,Yunis Abdelhamid,ma MAR,DF,Reims,35-031,1987,12.0,12,1.00,8,0,0,2,0,2,2,0.17,1,0,0,1,0,0,Matches,32c2d95f
2,Himad Abdelli,fr FRA,MF,Angers,22-346,1999,1.6,7,4.44,5,0,0,1,0,1,0,0.00,0,0,0,0,0,0,Matches,7978cbf0
3,Salis Abdul Samed,gh GHA,MF,Lens,22-217,2000,13.0,15,1.15,13,0,0,0,0,2,0,0.00,0,0,0,0,0,0,Matches,82464ce3
4,Laurent Abergel,fr FRA,MF,Lorient,29-270,1993,9.0,13,1.45,11,0,0,1,0,1,1,0.11,1,0,0,0,0,0,Matches,31626657
5,Matthis Abline,fr FRA,FWMF,Rennes,19-215,2003,1.1,7,6.24,2,0,0,3,1,1,2,1.78,0,0,0,0,1,1,Matches,0e46fa2f
6,Zakaria Aboukhlal,ma MAR,MFFW,Toulouse,22-253,2000,11.5,22,1.91,12,0,2,3,5,0,2,0.17,1,0,1,0,0,0,Matches,c2a6033c
7,Mohamed Achi,fr FRA,MFFW,Nantes,20-286,2002,0.4,1,2.50,1,0,0,0,0,0,0,0.00,0,0,0,0,0,0,Matches,1e93fc5d
8,Martin Adeline,fr FRA,MFFW,Reims,18-331,2003,1.0,2,1.94,2,0,0,0,0,0,0,0.00,0,0,0,0,0,0,Matches,7587446d
9,Emmanuel Agbadou,ci CIV,DF,Reims,25-134,1997,8.8,9,1.03,7,1,0,1,0,0,1,0.11,1,0,0,0,0,0,Matches,75f1ed80
10,Lucien Agoume,fr FRA,MF,Troyes,20-262,2002,1.2,3,2.55,3,0,0,0,0,0,0,0.00,0,0,0,0,0,0,Matches,8bc8829a
11,Ruben Aguilar,fr FRA,DF,Monaco,29-186,1993,3.5,2,0.57,1,1,0,0,0,0,0,0.00,0,0,0,0,0,0,Matches,3dd738a1
12,Jean-Eudes Aholou,ci CIV,MF,Strasbourg,28-223,1994,5.1,11,2.15,8,0,0,0,1,2,1,0.20,1,0,0,0,0,0,Matches,48b28bfd
13,Ludovic Ajorque,re REU,FW,Strasbourg,28-246,1994,3.8,8,2.12,8,0,0,0,0,0,1,0.27,1,0,0,0,0,0,Matches,462475ed
14,Maghnes Akliouche,fr FRA,MFFW,Monaco,20-246,2002,1.9,6,3.10,5,0,0,0,0,1,0,0.00,0,0,0,0,0,0,Matches,b625b241
15,Doğan Alemdar,tr TUR,GK,Rennes,20-000,2002,2.5,0,0.00,0,0,0,0,0,0,0,0.00,0,0,0,0,0,0,Matches,9e17ccff
16,Jim Allevinah,ga GAB,MF,Clermont Foot,27-244,1995,5.4,9,1.66,8,0,0,1,0,0,1,0.18,0,0,0,1,0,0,Matches,1956b948
17,Mickaël Alphonse,gp GLP,DF,Ajaccio,33-109,1989,7.1,10,1.41,9,0,0,1,0,0,0,0.00,0,0,0,0,0,0,Matches,0a63446f
18,Ibrahim Amadou,fr FRA,DFMF,Angers,29-206,1993,2.5,2,0.81,2,0,0,0,0,0,0,0.00,0,0,0,0,0,0,Matches,9260926b
19,Benjamin André,fr FRA,MF,Lille,32-087,1990,10.5,25,2.38,22,0,0,1,1,1,4,0.38,3,0,0,0,1,0,Matches,ef9c1c95
20,Komnen Andrić,rs SRB,FW,Clermont Foot,27-120,1995,8.4,10,1.19,9,0,0,1,0,0,2,0.24,1,0,0,1,0,0,Matches,af3ddb2e
21,Houssem Aouar,fr FRA,MF,Lyon,24-121,1998,1.9,4,2.16,3,0,0,1,0,0,1,0.54,1,0,0,0,0,0,Matches,a5db0bec
22,Adil Aouchiche,fr FRA,MF,Lorient,20-106,2002,0.2,0,0.00,0,0,0,0,0,0,0,0.00,0,0,0,0,0,0,Matches,b94b8be1
23,Dennis Appiah,fr FRA,DFMF,Nantes,30-142,1992,8.2,9,1.11,5,1,2,0,0,1,0,0.00,0,0,0,0,0,0,Matches,feb5d3ab
24,Lorenz Assignon,tg TOG,DFMF,Rennes,22-129,2000,2.0,3,1.51,3,0,0,0,0,0,1,0.50,1,0,0,0,0,0,Matches,b026bbf6
25,Youcef Atal,dz ALG,DFMF,Nice,26-165,1996,4.4,17,3.87,15,0,1,0,1,0,1,0.23,1,0,0,0,0,0,Matches,6a827d8e
26,Mathias Autret,fr FRA,MF,Auxerre,31-242,1991,7.9,19,2.40,12,5,0,2,0,0,2,0.25,0,1,0,1,0,0,Matches,7dfbba27
27,Cédric Avinel,gp GLP,DF,Ajaccio,36-048,1986,7.1,1,0.14,0,0,0,1,0,0,1,0.14,0,0,0,1,0,0,Matches,a94d93be
28,Loïc Bade,fr FRA,DF,Rennes,22-201,2000,1.0,1,1.00,0,0,0,1,0,0,1,1.00,0,0,0,1,0,0,Matches,114bbdee
29,Benoît Badiashile,fr FRA,DF,Monaco,21-217,2001,8.3,4,0.48,2,0,0,2,0,0,0,0.00,0,0,0,0,0,0,Matches,06df8256
30,Eric Bailly,ci CIV,DF,Marseille,28-200,1994,2.3,1,0.43,1,0,0,0,0,0,0,0.00,0,0,0,0,0,0,Matches,a1232f4e
31,Dénys Bain,fr FRA,DF,Auxerre,29-119,1993,1.4,0,0.00,0,0,0,0,0,0,0,0.00,0,0,0,0,0,0,Matches,5065d67d
32,Brandon Baiye,be BEL,MF,Clermont Foot,21-306,2000,0.5,1,1.96,1,0,0,0,0,0,0,0.00,0,0,0,0,0,0,Matches,7e3e825e
33,Cédric Bakambu,cd COD,MF,Marseille,31-201,1991,0.7,2,3.05,2,0,0,0,0,0,1,1.53,1,0,0,0,0,0,Matches,0af4dcf0
34,Thierno Balde,fr FRA,DF,Troyes,20-141,2002,7.1,17,2.41,13,2,0,1,1,0,1,0.14,0,0,0,0,1,0,Matches,3975195f
35,Carlos Baleba,cm CMR,MF,Lille,18-299,2004,0.5,2,3.83,2,0,0,0,0,0,0,0.00,0,0,0,0,0,0,Matches,a1390d2f
36,Leonardo Balerdi,ar ARG,DF,Marseille,23-276,1999,10.3,1,0.10,1,0,0,0,0,0,1,0.10,1,0,0,0,0,0,Matches,7c3ed041
37,Folarin Balogun,eng ENG,FW,Reims,21-118,2001,9.6,17,1.76,10,0,3,1,3,0,4,0.41,1,0,1,0,2,0,Matches,31822f8c
38,Abdoulaye Bamba,ci CIV,DF,Angers,32-187,1990,3.7,4,1.09,2,0,0,0,0,2,0,0.00,0,0,0,0,0,0,Matches,7fecbcdb
39,Jonathan Bamba,fr FRA,MF,Lille,26-217,1996,11.8,47,3.99,39,2,2,3,1,0,7,0.59,6,0,0,1,0,0,Matches,b2bd0f6c
40,Bradley Barcola,fr FRA,MFFW,Lyon,20-057,2002,0.9,0,0.00,0,0,0,0,0,0,0,0.00,0,0,0,0,0,0,Matches,a0d55a09
41,Melvin Bard,fr FRA,DF,Nice,21-357,2000,9.3,8,0.86,6,0,0,0,0,2,0,0.00,0,0,0,0,0,0,Matches,1ddbc7ca
42,Ross Barkley,eng ENG,MFFW,Nice,28-328,1993,3.5,16,5.02,9,5,2,0,0,0,1,0.31,1,0,0,0,0,0,Matches,3a24769f
43,Mickaël Barreto,fr FRA,MF,Ajaccio,31-284,1991,1.6,6,3.75,5,1,0,0,0,0,0,0.00,0,0,0,0,0,0,Matches,e3844ecb
44,Cyrille Bayala,bf BFA,MF,Ajaccio,26-158,1996,7.3,15,2.05,10,1,1,0,1,2,0,0.00,0,0,0,0,0,0,Matches,20e0dd86
45,Yanis Begraoui,fr FRA,MF,Toulouse,21-117,2001,0.6,2,3.46,2,0,0,0,0,0,0,0.00,0,0,0,0,0,0,Matches,5e6355f8
46,Alexis Beka Beka,fr FRA,MF,Nice,21-214,2001,3.1,5,1.63,3,0,0,0,2,0,0,0.00,0,0,0,0,0,0,Matches,4a5e83ad
47,Jérémie Bela,ao ANG,DFMF,Clermont Foot,29-204,1993,3.6,4,1.10,2,0,1,0,1,0,2,0.55,0,0,1,0,1,0,Matches,5680bf3f
48,Youcef Belaïli,dz ALG,MFFW,Ajaccio,30-229,1992,1.1,6,5.51,2,1,2,0,1,0,2,1.84,0,0,2,0,0,0,Matches,1a248246
49,Youcef Belaïli,dz ALG,MFFW,Brest,30-229,1992,4.0,15,3.79,8,6,0,0,1,0,2,0.51,0,2,0,0,0,0,Matches,1a248246
50,Haris Belkebla,dz ALG,MF,Brest,28-274,1994,10.8,18,1.67,16,0,0,0,1,1,0,0.00,0,0,0,0,0,0,Matches,2b1bed19
51,Jean-Ricner Bellegarde,fr FRA,MFDF,Strasbourg,24-124,1998,11.4,35,3.07,22,10,1,0,2,0,4,0.35,4,0,0,0,0,0,Matches,10f0fdd3
52,Wissam Ben Yedder,fr FRA,FW,Monaco,32-078,1990,7.0,15,2.14,11,0,1,1,0,2,3,0.43,1,0,0,1,0,1,Matches,942b4f90
53,Nabil Bentaleb,dz ALG,MF,Angers,27-339,1994,9.0,19,2.11,16,1,0,0,1,1,1,0.11,1,0,0,0,0,0,Matches,3189f61a
54,Patrick Berg,no NOR,MFFW,Lens,24-339,1997,0.3,2,7.20,2,0,0,0,0,0,0,0.00,0,0,0,0,0,0,Matches,e4114f5d
55,Mitchell van Bergen,nl NED,DFFW,Reims,23-063,1999,4.0,10,2.47,6,2,0,1,0,1,1,0.25,0,0,0,1,0,0,Matches,0b2c9aec
56,Quentin Bernard,fr FRA,DF,Auxerre,33-114,1989,7.0,12,1.71,11,1,0,0,0,0,1,0.14,1,0,0,0,0,0,Matches,3916b09c
57,Paul Bernardoni,fr FRA,GK,Angers,25-194,1997,7.0,1,0.14,0,0,0,0,0,1,0,0.00,0,0,0,0,0,0,Matches,28dabd43
58,Juan Bernat,es ESP,DFMF,Paris S-G,29-242,1993,5.5,10,1.81,10,0,0,0,0,0,2,0.36,2,0,0,0,0,0,Matches,433dc9a2
59,Jason Berthomier,fr FRA,MF,Clermont Foot,32-296,1990,0.3,0,0.00,0,0,0,0,0,0,0,0.00,0,0,0,0,0,0,Matches,03e91055
60,El Bilal Touré,ml MLI,FW,Reims,21-026,2001,1.0,2,1.98,2,0,0,0,0,0,0,0.00,0,0,0,0,0,0,Matches,47c609d5
61,Jean-Claude Billong,cm CMR,MF,Clermont Foot,28-305,1993,0.3,0,0.00,0,0,0,0,0,0,0,0.00,0,0,0,0,0,0,Matches,a3e1d20d
62,Veljko Birmančević,rs SRB,MFFW,Toulouse,24-238,1998,1.1,5,4.37,3,0,0,0,2,0,0,0.00,0,0,0,0,0,0,Matches,636247ca
63,Marco Bizot,nl NED,GK,Brest,31-233,1991,12.0,2,0.17,2,0,0,0,0,0,0,0.00,0,0,0,0,0,0,Matches,3d214e5f
64,Rubén Blanco,es ESP,GK,Marseille,27-096,1995,3.0,1,0.33,1,0,0,0,0,0,0,0.00,0,0,0,0,0,0,Matches,967f34d3
65,Ludovic Blas,fr FRA,MFFW,Nantes,24-302,1997,9.9,46,4.65,29,6,7,3,1,0,2,0.20,2,0,0,0,0,0,Matches,6191093d
66,Miha Blažič,si SVN,DF,Angers,29-174,1993,7.5,1,0.13,1,0,0,0,0,0,1,0.13,1,0,0,0,0,0,Matches,3cdfc63e
67,Myron Boadu,nl NED,FW,Monaco,21-288,2001,0.2,0,0.00,0,0,0,0,0,0,0,0.00,0,0,0,0,0,0,Matches,5b479568
68,Jérôme Boateng,de GER,DF,Lyon,34-056,1988,1.5,1,0.68,1,0,0,0,0,0,0,0.00,0,0,0,0,0,0,Matches,2db2fd7b
69,Antonin Bobichon,fr FRA,MF,Angers,27-045,1995,0.1,1,7.50,1,0,0,0,0,0,0,0.00,0,0,0,0,0,0,Matches,7d937aa1
70,Quentin Boisgard,fr FRA,MF,Lorient,25-226,1997,1.8,8,4.39,8,0,0,0,0,0,1,0.55,1,0,0,0,0,0,Matches,f6496133
71,Neto Borges,br BRA,DF,Clermont Foot,26-046,1996,10.2,32,3.14,31,0,1,0,0,0,0,0.00,0,0,0,0,0,0,Matches,9f936061
72,Kenji-Van Boto,mg MAD,DF,Auxerre,26-236,1996,1.0,0,0.00,0,0,0,0,0,0,0,0.00,0,0,0,0,0,0,Matches,c03b7266
73,Kouamé Botué,bf BFA,FW,Ajaccio,20-083,2002,1.8,7,3.87,3,0,0,1,3,0,1,0.55,0,0,0,1,0,0,Matches,65fcf987
74,Hicham Boudaoui,dz ALG,MF,Nice,23-036,1999,1.0,3,2.87,3,0,0,0,0,0,0,0.00,0,0,0,0,0,0,Matches,f9d5908e
75,Sofiane Boufal,ma MAR,MFFW,Angers,29-042,1993,7.9,47,5.92,34,3,4,1,5,0,5,0.63,3,1,0,0,1,0,Matches,b0c71810
76,Ismaëlben Boura,fr FRA,DFFW,Lens,22-076,2000,0.7,2,2.95,1,0,1,0,0,0,0,0.00,0,0,0,0,0,0,Matches,62e02107
77,Benjamin Bourigeaud,fr FRA,MFFW,Rennes,28-288,1994,10.2,63,6.20,38,20,0,4,1,0,6,0.59,5,0,0,1,0,0,Matches,20e73fac
78,Bilal Brahimi,dz ALG,FWMF,Nice,22-229,2000,2.1,8,3.79,5,2,0,0,1,0,1,0.47,1,0,0,0,0,0,Matches,02bcaf8e
79,Lilian Brassier,fr FRA,DF,Brest,22-361,1999,10.3,13,1.26,11,0,0,0,1,1,1,0.10,0,0,0,0,0,1,Matches,5b146df3
80,Andreas Bruus,dk DEN,DFMF,Troyes,23-286,1999,4.6,9,1.96,9,0,0,0,0,0,1,0.22,1,0,0,0,0,0,Matches,b088d5d3
81,Joe Bryan,eng ENG,MFDF,Nice,29-042,1993,1.7,1,0.59,1,0,0,0,0,0,0,0.00,0,0,0,0,0,0,Matches,af69e7f0
82,Adam Buksa,pl POL,FWMF,Lens,26-109,1996,0.7,0,0.00,0,0,0,0,0,0,0,0.00,0,0,0,0,0,0,Matches,3b676989
83,Marcin Bułka,pl POL,GK,Nice,23-025,1999,2.0,0,0.00,0,0,0,0,0,0,0,0.00,0,0,0,0,0,0,Matches,db87a2c4
84,Maxime Busi,be BEL,DF,Reims,23-015,1999,5.6,5,0.89,5,0,0,0,0,0,1,0.18,1,0,0,0,0,0,Matches,7b082ec2
85,Rémy Cabella,fr FRA,MF,Lille,32-235,1990,5.1,31,6.13,28,1,0,2,0,0,6,1.19,6,0,0,0,0,0,Matches,148e136f
86,Jimmy Cabot,fr FRA,DFMF,Lens,28-194,1994,5.7,31,5.45,23,7,0,0,0,1,1,0.18,1,0,0,0,0,0,Matches,46359159
87,Jens Cajuste,se SWE,MF,Reims,23-080,1999,3.8,8,2.09,7,0,1,0,0,0,2,0.52,1,0,1,0,0,0,Matches,928a4a61
88,Duje Ćaleta-Car,hr CRO,DF,Marseille,26-042,1996,0.1,0,0.00,0,0,0,0,0,0,0,0.00,0,0,0,0,0,0,Matches,94f8d10c
89,Mahdi Camara,fr FRA,MFDF,Brest,24-121,1998,3.9,6,1.54,5,0,0,0,0,1,0,0.00,0,0,0,0,0,0,Matches,8577e60a
90,Mohamed Camara,ml MLI,MF,Monaco,22-296,2000,6.9,10,1.45,8,0,1,0,1,0,1,0.15,1,0,0,0,0,0,Matches,489e80e3
91,Ousmane Camara,fr FRA,DF,Angers,19-237,2003,2.0,1,0.50,1,0,0,0,0,0,0,0.00,0,0,0,0,0,0,Matches,7d3dfdfd
92,Axel Camblan,fr FRA,FW,Brest,19-060,2003,0.2,1,6.92,1,0,0,0,0,0,0,0.00,0,0,0,0,0,0,Matches,9f4a940f
93,Pierrick Capelle,fr FRA,MFDF,Angers,35-197,1987,4.2,8,1.91,7,0,0,1,0,0,1,0.24,1,0,0,0,0,0,Matches,79b2399c
94,Maxence Caqueret,fr FRA,MF,Lyon,22-256,2000,8.5,33,3.90,27,1,3,1,0,1,2,0.24,2,0,0,0,0,0,Matches,f81ef10d
95,Irvin Cardona,fr FRA,FWMF,Brest,25-082,1997,2.4,3,1.24,2,0,0,1,0,0,0,0.00,0,0,0,0,0,0,Matches,5e080f73
96,Matis Carvalho,pt POR,GK,Montpellier,23-184,1999,1.5,0,0.00,0,0,0,0,0,0,0,0.00,0,0,0,0,0,0,Matches,8608f269
97,Jean-Charles Castelletto,cm CMR,DF,Nantes,27-276,1995,8.3,3,0.36,3,0,0,0,0,0,0,0.00,0,0,0,0,0,0,Matches,e0f3a1f6
98,Yoann Cathline,fr FRA,MF,Lorient,20-099,2002,2.4,7,2.92,3,0,1,3,0,0,1,0.42,0,0,0,1,0,0,Matches,4db5915d
99,Maximiliano Caufriez,be BEL,DF,Clermont Foot,25-255,1997,6.8,4,0.59,4,0,0,0,0,0,0,0.00,0,0,0,0,0,0,Matches,c92c24f0
100,Fabien Centonze,fr FRA,DF,Nantes,26-286,1996,0.5,1,2.00,0,0,0,0,1,0,0,0.00,0,0,0,0,0,0,Matches,3c6bbbab
101,Leonardo César Jardim,br BRA,GK,Lille,27-223,1995,6.0,,,,,,,,,,,,,,,,,Matches,f5dfc256
102,El Chadaille Bitshiabu,fr FRA,DF,Paris S-G,17-166,2005,0.1,0,0.00,0,0,0,0,0,0,0,0.00,0,0,0,0,0,0,Matches,2180c761
103,Fares Chaïbi,fr FRA,FWMF,Toulouse,19-335,2002,7.8,18,2.30,18,0,0,0,0,0,4,0.51,4,0,0,0,0,0,Matches,357103bd
104,Gaëtan Charbonnier,fr FRA,FW,Auxerre,33-306,1988,1.6,6,3.78,5,0,0,0,1,0,0,0.00,0,0,0,0,0,0,Matches,18ebca4b
105,Brendan Chardonnet,fr FRA,DF,Brest,27-311,1994,10.5,9,0.86,9,0,0,0,0,0,1,0.10,1,0,0,0,0,0,Matches,16aa7d4c
106,Xavier Chavalerin,fr FRA,MF,Troyes,31-236,1991,5.1,15,2.95,10,3,1,1,0,0,2,0.39,1,0,0,1,0,0,Matches,279ddf6a
107,Rayan Cherki,fr FRA,MFFW,Lyon,19-073,2003,2.1,20,9.52,11,4,4,1,0,0,5,2.38,2,1,1,1,0,0,Matches,b34c63a5
108,Ilyes Cheti,dz ALG,DF,Angers,27-280,1995,0.6,1,1.55,1,0,0,0,0,0,0,0.00,0,0,0,0,0,0,Matches,9d498560
109,Lucas Chevalier,fr FRA,GK,Lille,20-357,2001,6.0,0,0.00,0,0,0,0,0,0,0,0.00,0,0,0,0,0,0,Matches,b3d76d84
110,Pedro Chirivella,es ESP,MF,Nantes,25-159,1997,10.6,22,2.08,18,0,2,1,0,1,1,0.09,1,0,0,0,0,0,Matches,68a26d51
111,Joris Chotard,fr FRA,MF,Montpellier,21-035,2001,9.5,15,1.58,11,1,1,0,1,1,2,0.21,2,0,0,0,0,0,Matches,7909ffa4
112,Yanis Cimignani,fr FRA,MFDF,Ajaccio,20-280,2002,3.1,9,2.90,8,0,0,0,0,1,0,0.00,0,0,0,0,0,0,Matches,7495aba7
113,Souleymane Cissé,fr FRA,DF,Clermont Foot,20-082,2002,0.0,0,0.00,0,0,0,0,0,0,0,0.00,0,0,0,0,0,0,Matches,ff4d0258
114,Alexis Claude-Maurice,fr FRA,MFDF,Lens,24-145,1998,2.0,7,3.44,3,1,1,1,0,1,2,0.98,2,0,0,0,0,0,Matches,741418c3
115,Alexis Claude-Maurice,fr FRA,MF,Nice,24-145,1998,0.7,3,4.22,3,0,0,0,0,0,0,0.00,0,0,0,0,0,0,Matches,741418c3
116,Jonathan Clauss,fr FRA,DF,Marseille,30-034,1992,10.0,41,4.11,30,1,1,6,0,3,6,0.60,4,0,0,1,0,1,Matches,5219ab4a
117,Marcus Coco,fr FRA,DFFW,Nantes,26-127,1996,2.4,6,2.56,6,0,0,0,0,0,0,0.00,0,0,0,0,0,0,Matches,3010aefb
118,Alexandre Coeff,fr FRA,DF,Auxerre,30-251,1992,6.5,4,0.61,2,0,0,1,0,1,1,0.15,0,0,0,1,0,0,Matches,c4065f40
119,Abdu Conté,pt POR,DF,Troyes,24-219,1998,2.5,5,1.99,5,0,0,0,0,0,0,0.00,0,0,0,0,0,0,Matches,cfa49cc1
120,Sébastien Corchia,fr FRA,DFMF,Nantes,31-362,1990,3.1,3,0.98,3,0,0,0,0,0,1,0.33,1,0,0,0,0,0,Matches,0e7ccfc4
121,David Pereira da Costa,pt POR,MFFW,Lens,21-297,2001,9.3,36,3.86,29,0,3,3,1,0,5,0.54,4,0,1,0,0,0,Matches,59948ef7
122,Logan Costa,cv CPV,DF,Toulouse,21-211,2001,0.5,0,0.00,0,0,0,0,0,0,0,0.00,0,0,0,0,0,0,Matches,bfb2056e
123,Nuno da Costa,cv CPV,FWMF,Auxerre,31-261,1991,6.8,13,1.91,7,0,4,1,1,0,1,0.15,0,0,1,0,0,0,Matches,909222de
124,Benoît Costil,fr FRA,GK,Auxerre,35-118,1987,12.0,3,0.25,1,2,0,0,0,0,0,0.00,0,0,0,0,0,0,Matches,2434f24a
125,Mathieu Coutadeur,fr FRA,MF,Ajaccio,36-223,1986,6.2,11,1.78,9,1,1,0,0,0,0,0.00,0,0,0,0,0,0,Matches,ef8ae23b
126,Nicolas Cozza,fr FRA,DF,Montpellier,23-294,1999,10.7,14,1.30,10,0,1,1,1,1,2,0.19,2,0,0,0,0,0,Matches,8f325097
127,Damien Da Silva,fr FRA,DF,Lyon,34-165,1988,1.3,0,0.00,0,0,0,0,0,0,0,0.00,0,0,0,0,0,0,Matches,1ec7e1c5
128,Colin Dagba,fr FRA,DF,Strasbourg,24-050,1998,4.6,13,2.85,11,1,0,0,1,0,1,0.22,1,0,0,0,0,0,Matches,29c02c9f
129,Thijs Dallinga,nl NED,FW,Toulouse,22-087,2000,8.8,16,1.82,14,0,1,1,0,0,2,0.23,2,0,0,0,0,0,Matches,b70afb45
130,Flavius Daniliuc,at AUT,DF,Nice,21-185,2001,1.0,1,0.99,1,0,0,0,0,0,0,0.00,0,0,0,0,0,0,Matches,7ef972c3
131,Kevin Danso,at AUT,DF,Lens,24-040,1998,13.0,12,0.92,11,0,0,0,1,0,2,0.15,2,0,0,0,0,0,Matches,6e33125f
132,Dante,br BRA,DF,Nice,39-011,1983,11.0,5,0.45,2,0,0,2,0,1,1,0.09,0,0,0,0,0,1,Matches,fd2bc67d
133,Achraf Dari,ma MAR,DF,Brest,23-176,1999,8.0,5,0.62,2,2,0,0,1,0,1,0.12,0,0,0,0,1,0,Matches,5069b796
134,Jonathan David,ca CAN,FWMF,Lille,22-288,2000,11.8,38,3.22,26,0,2,4,5,1,7,0.59,4,0,0,1,2,0,Matches,ce50fd99
135,Brecht Dejaegere,be BEL,MF,Toulouse,31-153,1991,7.4,15,2.02,12,0,0,1,2,0,1,0.13,0,0,0,1,0,0,Matches,4ca4f601
136,Romain Del Castillo,fr FRA,MFFW,Brest,26-214,1996,3.0,13,4.32,7,4,1,0,0,1,5,1.66,3,1,1,0,0,0,Matches,0be95d34
137,Thomas Delaine,fr FRA,DF,Strasbourg,30-219,1992,5.9,10,1.68,9,0,1,0,0,0,2,0.34,2,0,0,0,0,0,Matches,8332db56
138,Sacha Delaye,fr FRA,FWMF,Montpellier,20-189,2002,0.2,2,10.00,0,1,0,1,0,0,0,0.00,0,0,0,0,0,0,Matches,e4448c8c
139,Andy Delort,dz ALG,FW,Nice,31-020,1991,8.2,19,2.30,17,0,0,2,0,0,1,0.12,1,0,0,0,0,0,Matches,d33c706e
140,Karamoko Dembele,sct SCO,FWMF,Brest,19-249,2003,0.8,6,7.30,4,1,0,0,1,0,0,0.00,0,0,0,0,0,0,Matches,7304f3b1
141,Moussa Dembélé,fr FRA,FWMF,Lyon,26-109,1996,4.9,9,1.84,8,0,1,0,0,0,2,0.41,2,0,0,0,0,0,Matches,e7986081
142,Branco van den Boomen,nl NED,MF,Toulouse,27-100,1995,12.7,66,5.18,37,25,0,3,0,1,10,0.78,8,2,0,0,0,0,Matches,99d660b2
143,Mikkel Desler,dk DEN,DF,Toulouse,27-252,1995,11.2,23,2.06,18,0,0,2,0,3,3,0.27,3,0,0,0,0,0,Matches,1d5c96f8
144,Bafodé Diakité,fr FRA,DF,Lille,21-296,2001,9.4,11,1.17,7,0,0,2,1,1,0,0.00,0,0,0,0,0,0,Matches,1bfb6fef
145,Ibrahim Diakité,gn GUI,DF,Reims,18-363,2003,0.6,0,0.00,0,0,0,0,0,0,0,0.00,0,0,0,0,0,0,Matches,d8c19a60
146,Habib Diallo,sn SEN,FW,Strasbourg,27-133,1995,10.8,12,1.11,11,0,1,0,0,0,0,0.00,0,0,0,0,0,0,Matches,6605d143
147,Ismael Diallo,ci CIV,DF,Ajaccio,25-273,1997,8.3,7,0.84,6,1,0,0,0,0,0,0.00,0,0,0,0,0,0,Matches,b3244eeb
148,Mouhamadou Diarra,sn SEN,MF,Strasbourg,18-299,2004,4.9,8,1.64,3,0,2,1,2,0,1,0.21,0,0,0,0,1,0,Matches,6d0fe035
149,Moussa Diarra,ml MLI,DF,Toulouse,21-353,2000,5.5,3,0.54,3,0,0,0,0,0,0,0.00,0,0,0,0,0,0,Matches,698f11e3
150,Stéphane Diarra,fr FRA,MFFW,Lorient,23-324,1998,6.0,13,2.17,5,0,3,1,4,0,3,0.50,0,0,2,0,1,0,Matches,29939a1d
151,Krepin Diatta,sn SEN,MFFW,Monaco,23-246,1999,8.4,17,2.03,11,0,2,3,1,0,1,0.12,1,0,0,0,0,0,Matches,8104e41e
152,Mory Diaw,sn SEN,GK,Clermont Foot,29-129,1993,12.0,3,0.25,2,1,0,0,0,0,0,0.00,0,0,0,0,0,0,Matches,f41a69e6
153,Bamba Dieng,sn SEN,FWDF,Marseille,22-220,2000,0.5,2,3.83,0,0,0,0,2,0,0,0.00,0,0,0,0,0,0,Matches,40774c6b
154,Tristan Dingomé,cm CMR,MFDF,Troyes,31-254,1991,0.8,8,10.14,6,1,1,0,0,0,0,0.00,0,0,0,0,0,0,Matches,92b56413
155,Sinaly Diomande,ci CIV,DF,Lyon,21-203,2001,2.8,0,0.00,0,0,0,0,0,0,0,0.00,0,0,0,0,0,0,Matches,6de23ab0
156,Lois Diony,fr FRA,FW,Angers,29-313,1992,4.9,9,1.85,6,0,2,1,0,0,0,0.00,0,0,0,0,0,0,Matches,4be0b467
157,Sofiane Diop,fr FRA,MFFW,Nice,22-142,2000,3.9,11,2.85,8,1,1,0,1,0,3,0.78,2,1,0,0,0,0,Matches,19053e31
158,Sofiane Diop,fr FRA,MF,Monaco,22-142,2000,0.7,7,9.69,4,2,1,0,0,0,2,2.77,1,1,0,0,0,0,Matches,19053e31
159,Yehvann Diouf,fr FRA,GK,Reims,22-347,1999,5.0,0,0.00,0,0,0,0,0,0,0,0.00,0,0,0,0,0,0,Matches,eedea60b
160,Axel Disasi,fr FRA,DF,Monaco,24-232,1998,12.0,10,0.83,9,0,0,0,0,1,4,0.33,4,0,0,0,0,0,Matches,ad82197c
161,Tiago Djaló,pt POR,DF,Lille,22-203,2000,9.3,7,0.75,5,0,0,1,0,1,2,0.21,2,0,0,0,0,0,Matches,b2336681
162,Alexander Djiku,gh GHA,DF,Strasbourg,28-081,1994,11.1,11,0.99,8,1,0,0,0,2,0,0.00,0,0,0,0,0,0,Matches,43e7a164
163,Jeremy Doku,be BEL,FWMF,Rennes,20-155,2002,1.7,10,5.81,7,0,2,0,0,1,0,0.00,0,0,0,0,0,0,Matches,fffea3e5
164,Kyliane Dong,fr FRA,DFMF,Troyes,18-032,2004,0.6,0,0.00,0,0,0,0,0,0,0,0.00,0,0,0,0,0,0,Matches,836dc4a8
165,Gianluigi Donnarumma,it ITA,GK,Paris S-G,23-246,1999,12.0,1,0.08,1,0,0,0,0,0,0,0.00,0,0,0,0,0,0,Matches,08f5afaa
166,Jodel Dossou,bj BEN,MFDF,Clermont Foot,30-226,1992,2.5,5,2.02,4,0,0,1,0,0,0,0.00,0,0,0,0,0,0,Matches,a1dbfcb1
167,Lohann Doucet,fr FRA,MFFW,Nantes,20-045,2002,0.7,4,5.63,4,0,0,0,0,0,0,0.00,0,0,0,0,0,0,Matches,dff0c299
168,Ckene Doucouré,km COM,FWMF,Lorient,20-204,2002,0.3,3,9.00,3,0,0,0,0,0,1,3.00,1,0,0,0,0,0,Matches,92d90c8f
169,Désiré Doué,fr FRA,MFFW,Rennes,17-148,2005,4.5,11,2.46,7,2,0,1,0,1,0,0.00,0,0,0,0,0,0,Matches,9e7483ff
170,Ismaël Doukouré,fr FRA,DF,Strasbourg,19-097,2003,4.5,1,0.22,1,0,0,0,0,0,0,0.00,0,0,0,0,0,0,Matches,0512a60a
171,Kamory Doumbia,ml MLI,MF,Reims,19-253,2003,5.4,15,2.77,13,0,0,0,1,1,2,0.37,2,0,0,0,0,0,Matches,9226aa22
172,Souleyman Doumbia,ci CIV,DFFW,Angers,26-035,1996,9.9,16,1.61,11,0,2,0,2,1,0,0.00,0,0,0,0,0,0,Matches,9daeac61
173,Rémy Dugimont,fr FRA,MFFW,Auxerre,36-120,1986,1.1,5,4.50,4,0,0,0,1,0,1,0.90,1,0,0,0,0,0,Matches,6d7ede84
174,Maxime Dupé,fr FRA,GK,Toulouse,29-239,1993,13.0,0,0.00,0,0,0,0,0,0,0,0.00,0,0,0,0,0,0,Matches,0e12089d
175,Jean-Kevin Duverne,fr FRA,DF,Brest,25-109,1997,9.3,13,1.40,10,1,0,0,1,1,1,0.11,0,0,0,0,1,0,Matches,0cbc8baa
176,Hugo Ekitike,fr FRA,FWMF,Paris S-G,20-131,2002,1.5,5,3.31,3,0,0,0,2,0,0,0.00,0,0,0,0,0,0,Matches,5b92d896
177,Sepe Elye Wahi,fr FRA,FWMF,Montpellier,19-300,2003,11.1,17,1.54,10,0,1,3,2,1,3,0.27,1,0,0,2,0,0,Matches,0d7b6576
178,Breel Embolo,ch SUI,FW,Monaco,25-257,1997,10.4,32,3.08,18,0,2,5,5,2,6,0.58,3,0,0,2,1,0,Matches,0b4f388a
179,Maxime Estève,fr FRA,DF,Montpellier,20-156,2002,7.0,4,0.57,3,0,0,1,0,0,0,0.00,0,0,0,0,0,0,Matches,1a066e69
180,Fábio,br BRA,DFMF,Nantes,32-112,1990,2.5,8,3.20,8,0,0,0,0,0,1,0.40,1,0,0,0,0,0,Matches,bc7b4580
181,Noah Fadiga,sn SEN,DF,Brest,22-330,1999,4.5,5,1.11,3,0,1,0,1,0,1,0.22,0,0,1,0,0,0,Matches,83f03b07
182,Wout Faes,be BEL,DF,Reims,24-209,1998,3.0,3,1.00,3,0,0,0,0,0,2,0.67,2,0,0,0,0,0,Matches,9c221d14
183,Romain Faivre,fr FRA,MF,Lyon,24-107,1998,2.5,11,4.30,9,2,0,0,0,0,1,0.39,0,1,0,0,0,0,Matches,745ca0a3
184,Khalil Fayad,fr FRA,MF,Montpellier,18-142,2004,2.9,4,1.37,3,0,0,0,0,1,1,0.34,1,0,0,0,0,0,Matches,faf00ab8
185,Jordan Ferri,fr FRA,MF,Montpellier,30-231,1992,9.0,14,1.55,12,0,0,1,1,0,3,0.33,3,0,0,0,0,0,Matches,375622c5
186,Karol Fila,pl POL,DF,Strasbourg,24-138,1998,0.3,1,3.10,1,0,0,0,0,0,0,0.00,0,0,0,0,0,0,Matches,50ac8941
187,Alexis Flips,fr FRA,DFMF,Reims,22-284,2000,5.1,21,4.08,12,5,1,3,0,0,3,0.58,3,0,0,0,0,0,Matches,caef7840
188,Seko Fofana,ci CIV,MF,Lens,27-175,1995,10.4,31,2.99,25,0,2,0,2,2,3,0.29,2,0,1,0,0,0,Matches,5313ed43
189,Yahia Fofana,fr FRA,GK,Angers,22-069,2000,5.0,2,0.40,2,0,0,0,0,0,1,0.20,1,0,0,0,0,0,Matches,9d420dad
190,Youssouf Fofana,fr FRA,MF,Monaco,23-292,1999,9.9,24,2.42,20,0,3,0,1,0,4,0.40,3,0,0,0,1,0,Matches,822d51d7
191,José Fonte,pt POR,DF,Lille,38-311,1983,11.0,6,0.55,6,0,0,0,0,0,0,0.00,0,0,0,0,0,0,Matches,90f87966
192,Steven Fortes,cv CPV,DF,Lens,30-195,1992,0.1,0,0.00,0,0,0,0,0,0,0,0.00,0,0,0,0,0,0,Matches,574aa9ec
193,Przemysław Frankowski,pl POL,DFMF,Lens,27-200,1995,9.2,39,4.25,22,14,1,1,1,0,4,0.44,2,2,0,0,0,0,Matches,00a8d210
194,Gauthier Gallon,fr FRA,GK,Troyes,29-189,1993,10.0,1,0.10,1,0,0,0,0,0,0,0.00,0,0,0,0,0,0,Matches,db3164e1
195,Kévin Gameiro,fr FRA,FW,Strasbourg,35-173,1987,8.8,20,2.26,15,0,0,3,2,0,2,0.23,0,0,0,1,1,0,Matches,42276181
196,Ignatius Ganago,cm CMR,FW,Lens,23-255,1999,0.7,0,0.00,0,0,0,0,0,0,0,0.00,0,0,0,0,0,0,Matches,23c63b7f
197,Ignatius Ganago,cm CMR,FWMF,Nantes,23-255,1999,3.9,10,2.54,6,0,0,1,2,1,3,0.76,1,0,0,0,1,1,Matches,23c63b7f
198,Johan Gastien,fr FRA,MF,Clermont Foot,34-277,1988,10.5,23,2.18,14,8,0,1,0,0,6,0.57,2,4,0,0,0,0,Matches,868eaba0
199,Denis Genreau,au AUS,MFFW,Toulouse,23-161,1999,1.1,3,2.84,2,0,0,0,0,1,0,0.00,0,0,0,0,0,0,Matches,badcdcae
200,Valère Germain,fr FRA,MFFW,Montpellier,32-195,1990,2.5,7,2.75,5,0,0,1,1,0,3,1.18,1,0,0,1,1,0,Matches,ea0ff634
201,Gerson,br BRA,MF,Marseille,25-162,1997,4.4,12,2.73,9,0,1,0,2,0,1,0.23,1,0,0,0,0,0,Matches,8827bf46
202,Samuel Gigot,fr FRA,DF,Marseille,29-017,1993,6.4,6,0.94,6,0,0,0,0,0,1,0.16,1,0,0,0,0,0,Matches,41eebdf5
203,Andrei Girotto,br BRA,DFMF,Nantes,30-254,1992,10.8,10,0.93,7,0,0,1,0,2,2,0.19,1,0,0,1,0,0,Matches,3befc2b6
204,Aleksandr Golovin,ru RUS,MFFW,Monaco,26-152,1996,8.3,42,5.05,27,8,3,1,3,0,5,0.60,4,1,0,0,0,0,Matches,3708e9fa
205,André Gomes,pt POR,MF,Lille,29-091,1993,4.5,11,2.43,9,1,0,1,0,0,1,0.22,1,0,0,0,0,0,Matches,1961b2aa
206,Angel Gomes,eng ENG,MF,Lille,22-059,2000,9.8,34,3.46,22,7,2,0,3,0,4,0.41,4,0,0,0,0,0,Matches,645a3363
207,Maxime Gonalons,fr FRA,MF,Clermont Foot,33-233,1989,5.8,4,0.69,3,0,0,0,0,1,0,0.00,0,0,0,0,0,0,Matches,b8c1de25
208,Oumar Gonzalez,cm CMR,DF,Ajaccio,24-246,1998,9.5,2,0.21,2,0,0,0,0,0,0,0.00,0,0,0,0,0,0,Matches,a9d4c241
209,Amine Gouiri,fr FRA,FW,Rennes,22-255,2000,5.8,26,4.48,18,0,1,5,1,1,3,0.52,3,0,0,0,0,0,Matches,aad56ca3
210,Amine Gouiri,fr FRA,MFFW,Nice,22-255,2000,2.5,7,2.79,4,1,0,1,1,0,1,0.40,0,0,0,0,1,0,Matches,aad56ca3
211,Jonathan Gradit,fr FRA,DF,Lens,29-339,1992,6.9,13,1.88,10,0,1,0,1,1,2,0.29,2,0,0,0,0,0,Matches,06c48679
212,Andrew Gravillon,gp GLP,DF,Reims,24-263,1998,10.8,7,0.65,3,2,0,2,0,0,1,0.09,1,0,0,0,0,0,Matches,49136c42
213,Adrian Grbić,at AUT,MFFW,Lorient,26-086,1996,0.3,0,0.00,0,0,0,0,0,0,0,0.00,0,0,0,0,0,0,Matches,4a987ffa
214,Gabriel Gudmundsson,se SWE,MFDF,Lille,23-183,1999,1.2,5,4.17,4,0,1,0,0,0,0,0.00,0,0,0,0,0,0,Matches,d5d22a58
215,Axel Gueguin,fr FRA,MF,Montpellier,17-219,2005,0.2,0,0.00,0,0,0,0,0,0,0,0.00,0,0,0,0,0,0,Matches,f6857b4f
216,Mattéo Guendouzi,fr FRA,MF,Marseille,23-198,1999,9.5,28,2.93,22,1,3,0,0,2,3,0.31,3,0,0,0,0,0,Matches,5ea8ef20
217,Evann Guessand,fr FRA,FWMF,Nantes,21-120,2001,6.1,11,1.81,6,0,4,1,0,0,3,0.49,2,0,1,0,0,0,Matches,b73f17f8
218,Pape Gueye,sn SEN,MFDF,Marseille,23-278,1999,3.7,5,1.35,5,0,0,0,0,0,0,0.00,0,0,0,0,0,0,Matches,7155e3e1
219,Sehrou Guirassy,gn GUI,MF,Rennes,26-231,1996,0.3,2,7.83,2,0,0,0,0,0,0,0.00,0,0,0,0,0,0,Matches,923f4dda
220,Malo Gusto,fr FRA,DF,Lyon,19-163,2003,10.5,27,2.57,24,0,2,0,1,0,2,0.19,2,0,0,0,0,0,Matches,d56b9520
221,Massadio Haïdara,ml MLI,DFMF,Lens,29-331,1992,7.9,10,1.27,9,0,1,0,0,0,0,0.00,0,0,0,0,0,0,Matches,5167c97e
222,Achraf Hakimi,ma MAR,DFMF,Paris S-G,23-359,1998,10.0,31,3.11,25,1,1,1,0,3,3,0.30,2,0,0,0,0,1,Matches,e42d61c7
223,Romain Hamouma,fr FRA,FW,Ajaccio,35-214,1987,4.7,14,2.97,7,4,1,2,0,0,1,0.21,1,0,0,0,0,0,Matches,0b4d8274
224,Amine Harit,ma MAR,MF,Marseille,25-133,1997,3.9,29,7.44,22,3,3,0,1,0,2,0.51,2,0,0,0,0,0,Matches,e7d59f4f
225,Rhys Healey,wls WAL,FW,Toulouse,27-327,1994,0.7,2,2.95,2,0,0,0,0,0,0,0.00,0,0,0,0,0,0,Matches,07ace8c3
226,Gauthier Hein,fr FRA,MF,Auxerre,26-083,1996,6.1,14,2.30,11,2,0,0,0,1,0,0.00,0,0,0,0,0,0,Matches,563fcd6b
227,Henrique,br BRA,DF,Lyon,28-187,1994,1.4,2,1.40,1,0,0,0,1,0,0,0.00,0,0,0,0,0,0,Matches,f28474a4
228,Christophe Hérelle,mq MTQ,DF,Brest,30-068,1992,3.5,0,0.00,0,0,0,0,0,0,0,0.00,0,0,0,0,0,0,Matches,3681cfff
229,Noah Holm,no NOR,MFFW,Reims,21-159,2001,0.4,1,2.50,1,0,0,0,0,0,0,0.00,0,0,0,0,0,0,Matches,61b77d0a
230,Franck Honorat,fr FRA,MFFW,Brest,26-079,1996,10.1,38,3.77,19,13,1,4,1,0,4,0.40,2,1,0,1,0,0,Matches,db7849ca
231,Cédric Hountondji,bj BEN,DF,Angers,28-283,1994,11.9,5,0.42,3,0,0,1,0,1,1,0.08,0,0,0,1,0,0,Matches,00891164
232,Adrien Hunou,fr FRA,MFFW,Angers,28-283,1994,9.5,19,2.01,12,1,0,2,3,1,4,0.42,2,0,0,0,1,1,Matches,d14229f3
233,Mounaim El Idrissy,fr FRA,FW,Ajaccio,23-261,1999,9.1,16,1.76,9,0,0,0,6,1,1,0.11,0,0,0,0,1,0,Matches,fb0ee44e
234,Rareş Ilie,ro ROU,MF,Nice,19-193,2003,1.6,5,3.04,3,0,0,1,0,1,0,0.00,0,0,0,0,0,0,Matches,c9f49454
235,Bonke Innocent,ng NGA,MF,Lorient,26-282,1996,3.9,6,1.52,5,0,0,1,0,0,2,0.51,2,0,0,0,0,0,Matches,546bb36e
236,Ismaily,br BRA,DF,Lille,32-291,1990,10.2,25,2.45,22,0,0,1,1,1,5,0.49,4,0,0,0,1,0,Matches,cf182add
237,Junya Ito,jp JPN,FWMF,Reims,29-234,1993,7.1,22,3.09,16,2,2,0,2,0,1,0.14,1,0,0,0,0,0,Matches,dbd3a428
238,Ismail Jakobs,sn SEN,DFMF,Monaco,23-073,1999,3.1,8,2.54,5,2,0,1,0,0,0,0.00,0,0,0,0,0,0,Matches,a0415710
239,Marin Jakoliš,hr CRO,MF,Angers,25-307,1996,0.3,2,6.43,2,0,0,0,0,0,0,0.00,0,0,0,0,0,0,Matches,96f4ebc0
240,Luis Javier Suárez,co COL,FW,Marseille,24-331,1997,3.3,8,2.44,6,0,1,1,0,0,2,0.61,1,0,0,1,0,0,Matches,eeba07f8
241,Dany Jean,ht HAI,DF,Strasbourg,19-335,2002,0.1,0,0.00,0,0,0,0,0,0,0,0.00,0,0,0,0,0,0,Matches,300ec91c
242,Julian Jeanvier,gn GUI,DF,Auxerre,30-212,1992,5.1,0,0.00,0,0,0,0,0,0,0,0.00,0,0,0,0,0,0,Matches,5cb215fc
243,Paul Joly,fr FRA,DF,Auxerre,22-144,2000,9.0,18,2.00,14,0,2,1,1,0,3,0.33,1,0,1,0,1,0,Matches,5b4bc323
244,Jubal,br BRA,DF,Auxerre,29-061,1993,12.0,2,0.17,1,0,0,0,1,0,1,0.08,0,0,0,0,1,0,Matches,56ae428b
245,Christopher Jullien,fr FRA,DF,Montpellier,29-221,1993,7.0,7,1.00,5,0,0,1,0,1,1,0.14,0,0,0,0,0,1,Matches,f323d995
246,Issa Kaboré,bf BFA,DF,Marseille,21-170,2001,3.1,8,2.61,8,0,0,0,0,0,0,0.00,0,0,0,0,0,0,Matches,c066d1a5
247,Abdoul Kader Bamba,fr FRA,MF,Nantes,28-157,1994,0.8,3,3.60,2,1,0,0,0,0,0,0.00,0,0,0,0,0,0,Matches,32f3d97e
248,Gaël Kakuta,cd COD,FW,Lens,31-130,1991,0.2,0,0.00,0,0,0,0,0,0,0,0.00,0,0,0,0,0,0,Matches,5b1bf5e3
249,Arnaud Kalimuendo,fr FRA,FWMF,Rennes,20-282,2002,4.3,6,1.41,5,0,0,1,0,0,1,0.24,1,0,0,0,0,0,Matches,bf4c41f9
250,Gedeon Kalulu,cd COD,DF,Lorient,25-061,1997,9.0,13,1.44,11,0,1,0,1,0,3,0.33,3,0,0,0,0,0,Matches,dd211559
251,Bingourou Kamara,sn SEN,GK,Montpellier,26-008,1996,2.5,0,0.00,0,0,0,0,0,0,0,0.00,0,0,0,0,0,0,Matches,3814120d
252,Nordine Kandil,fr FRA,MFFW,Strasbourg,20-363,2001,0.4,3,6.92,1,0,0,1,1,0,1,2.31,0,0,0,1,0,0,Matches,c5908bc4
253,Kévin Keben Biakolo,cm CMR,DF,Toulouse,18-276,2004,2.0,3,1.51,2,0,1,0,0,0,0,0.00,0,0,0,0,0,0,Matches,c43a8336
254,Check Keita,fr FRA,DF,Reims,19-210,2003,1.0,0,0.00,0,0,0,0,0,0,0,0.00,0,0,0,0,0,0,Matches,c9f2f83a
255,Saîf-Eddine Khaoui,tn TUN,MF,Clermont Foot,27-185,1995,5.7,20,3.52,13,3,2,2,0,0,4,0.70,2,0,1,1,0,0,Matches,796b1c41
256,Wahbi Khazri,tn TUN,MFFW,Montpellier,31-263,1991,6.1,14,2.30,5,2,2,4,0,1,5,0.82,2,0,0,3,0,0,Matches,2677a1de
257,Presnel Kimpembe,fr FRA,DF,Paris S-G,27-077,1995,6.0,3,0.50,2,0,0,0,0,1,0,0.00,0,0,0,0,0,0,Matches,aef6e670
258,Sead Kolašinac,ba BIH,DF,Marseille,29-131,1993,4.3,1,0.23,0,0,0,1,0,0,1,0.23,0,0,0,1,0,0,Matches,3935e52e
259,Ibrahima Koné,ml MLI,FW,Lorient,23-135,1999,3.2,3,0.93,3,0,0,0,0,0,0,0.00,0,0,0,0,0,0,Matches,04bb2b06
260,Youssouf Koné,ml MLI,DF,Ajaccio,27-116,1995,2.1,3,1.41,1,0,0,1,0,1,0,0.00,0,0,0,0,0,0,Matches,e6eadfb8
261,Rominigue Kouamé,ml MLI,MF,Troyes,25-316,1996,10.8,30,2.77,26,0,1,0,1,2,3,0.28,3,0,0,0,0,0,Matches,86a2ba20
262,Sael Kumbedi,fr FRA,DF,Lyon,17-217,2005,0.2,0,0.00,0,0,0,0,0,0,0,0.00,0,0,0,0,0,0,Matches,c385bf49
263,Grejohn Kyei,fr FRA,FW,Clermont Foot,27-078,1995,4.9,5,1.03,3,0,1,1,0,0,2,0.41,1,0,1,0,0,0,Matches,397ba086
264,Gaëtan Laborde,fr FRA,FWMF,Nice,28-179,1994,5.7,13,2.30,9,0,2,2,0,0,0,0.00,0,0,0,0,0,0,Matches,7cdda3bf
265,Gaëtan Laborde,fr FRA,FW,Rennes,28-179,1994,2.8,10,3.61,6,0,1,3,0,0,1,0.36,0,0,0,1,0,0,Matches,7cdda3bf
266,Alexandre Lacazette,fr FRA,FW,Lyon,31-154,1991,11.5,45,3.92,33,1,5,3,2,1,3,0.26,3,0,0,0,0,0,Matches,9dbb75ca
267,Qazim Laçi,al ALB,MF,Ajaccio,26-283,1996,2.3,10,4.31,4,4,0,1,1,0,0,0.00,0,0,0,0,0,0,Matches,eb0db257
268,Alban Lafont,fr FRA,GK,Nantes,23-279,1999,12.0,3,0.25,2,1,0,0,0,0,0,0.00,0,0,0,0,0,0,Matches,4e7db402
269,Mohamed Lamine Bayo,gn GUI,FWMF,Lille,24-147,1998,2.3,6,2.62,4,0,0,0,1,1,0,0.00,0,0,0,0,0,0,Matches,01870104
270,Julien Laporte,fr FRA,DF,Lorient,28-359,1993,12.0,9,0.75,8,1,0,0,0,0,0,0.00,0,0,0,0,0,0,Matches,f066022d
271,Yasser Larouci,dz ALG,DF,Troyes,21-301,2001,7.1,15,2.11,10,0,1,1,2,1,0,0.00,0,0,0,0,0,0,Matches,0ed063d6
272,Armand Lauriente,fr FRA,MFFW,Lorient,23-329,1998,3.0,19,6.43,13,0,2,2,2,0,2,0.68,1,0,0,0,1,0,Matches,2d22cea7
273,Théo Le Bris,fr FRA,DFMF,Lorient,20-028,2002,6.5,6,0.93,3,1,1,1,0,0,1,0.15,0,0,1,0,0,0,Matches,afe39ca8
274,Jérémy Le Douaron,fr FRA,FWMF,Brest,24-191,1998,4.7,8,1.69,2,0,2,2,1,1,1,0.21,0,0,0,1,0,0,Matches,88c4d190
275,Enzo Le Fée,fr FRA,MF,Lorient,22-268,2000,11.9,56,4.72,35,12,3,2,3,1,5,0.42,4,1,0,0,0,0,Matches,6f806d99
276,Vincent Le Goff,fr FRA,DF,Lorient,33-014,1989,12.0,15,1.25,11,2,0,0,0,2,1,0.08,1,0,0,0,0,0,Matches,2321ea6e
277,Maxime Le Marchand,fr FRA,DF,Strasbourg,33-018,1989,8.5,9,1.06,6,0,1,0,1,1,2,0.24,0,0,0,0,1,1,Matches,321a71a7
278,Pierre Lees-Melou,fr FRA,MF,Brest,29-157,1993,8.7,11,1.26,9,1,0,1,0,0,0,0.00,0,0,0,0,0,0,Matches,f5044e54
279,Mario Lemina,ga GAB,MFDF,Nice,29-058,1993,6.4,7,1.10,7,0,0,0,0,0,1,0.16,1,0,0,0,0,0,Matches,2b471f99
280,Johann Lepenant,fr FRA,MF,Lyon,20-007,2002,7.6,15,1.97,12,0,0,2,0,1,1,0.13,1,0,0,0,0,0,Matches,1e52971c
281,Benjamin Leroy,fr FRA,GK,Ajaccio,33-205,1989,10.1,3,0.30,3,0,0,0,0,0,0,0.00,0,0,0,0,0,0,Matches,1e7aea56
282,Léo Leroy,fr FRA,MF,Montpellier,22-257,2000,1.7,8,4.83,7,0,0,1,0,0,4,2.42,4,0,0,0,0,0,Matches,fcc84a07
283,Dimitri Liénard,fr FRA,DF,Strasbourg,34-258,1988,6.8,16,2.36,9,5,0,0,0,2,0,0.00,0,0,0,0,0,0,Matches,f7691f63
284,Mateusz Lis,pl POL,GK,Troyes,25-244,1997,2.0,0,0.00,0,0,0,0,0,0,0,0.00,0,0,0,0,0,0,Matches,fd78b105
285,Banzouzi Locko,fr FRA,DF,Reims,20-176,2002,10.6,18,1.69,15,0,1,0,1,1,0,0.00,0,0,0,0,0,0,Matches,40221fa7
286,Anthony Lopes,pt POR,GK,Lyon,32-028,1990,8.3,0,0.00,0,0,0,0,0,0,0,0.00,0,0,0,0,0,0,Matches,f00de885
287,Rony Lopes,pt POR,MFFW,Troyes,26-305,1995,4.5,21,4.64,13,4,1,3,0,0,3,0.66,1,1,0,1,0,0,Matches,7c2965bb
288,Pau López,es ESP,GK,Marseille,27-320,1994,9.0,1,0.11,1,0,0,0,0,0,0,0.00,0,0,0,0,0,0,Matches,20b9f052
289,Dion Lopy,sn SEN,MF,Reims,20-269,2002,6.0,15,2.50,12,2,0,0,1,0,1,0.17,1,0,0,0,0,0,Matches,64c14d49
290,Jordan Lotomba,ch SUI,DFMF,Nice,24-030,1998,8.1,19,2.36,14,0,0,1,2,2,1,0.12,1,0,0,0,0,0,Matches,fc4cf6a7
291,Jean Lucas,br BRA,MF,Monaco,24-129,1998,3.2,5,1.55,4,0,0,1,0,0,0,0.00,0,0,0,0,0,0,Matches,a99138af
292,Castello Lukeba,fr FRA,DF,Lyon,19-316,2002,11.0,8,0.73,8,0,0,0,0,0,1,0.09,1,0,0,0,0,0,Matches,5b9512c5
293,Youssouf M'Changama,km COM,MF,Auxerre,32-061,1990,3.2,12,3.74,9,1,0,0,2,0,1,0.31,1,0,0,0,0,0,Matches,e05082d1
294,Deiver Machado,co COL,DFMF,Lens,29-057,1993,9.2,18,1.95,10,2,0,0,4,2,4,0.43,1,2,0,0,0,1,Matches,b3f8bdef
295,Soungoutou Magassa,ml MLI,MF,Monaco,19-021,2003,0.8,0,0.00,0,0,0,0,0,0,0,0.00,0,0,0,0,0,0,Matches,dfc5d4fa
296,Hugo Magnetti,fr FRA,MF,Brest,24-152,1998,5.7,13,2.27,11,0,0,1,0,1,1,0.17,0,0,0,0,0,1,Matches,d4d35152
297,Yohann Magnin,fr FRA,MFDF,Clermont Foot,25-130,1997,7.9,16,2.04,13,0,1,1,1,0,1,0.13,1,0,0,0,0,0,Matches,caa7aaea
298,Lovro Majer,hr CRO,MFFW,Rennes,24-285,1998,4.1,18,4.37,9,2,1,2,4,0,2,0.49,1,1,0,0,0,0,Matches,fc46aab1
299,Béni Makouana,cg CGO,MF,Montpellier,20-031,2002,1.2,1,0.84,1,0,0,0,0,0,0,0.00,0,0,0,0,0,0,Matches,654f49ca
300,Hianga Mananga Mbock,fr FRA,MF,Brest,22-305,1999,0.2,0,0.00,0,0,0,0,0,0,0,0.00,0,0,0,0,0,0,Matches,0f86995c
301,Steve Mandanda,fr FRA,GK,Rennes,37-215,1985,9.5,3,0.32,3,0,0,0,0,0,2,0.21,2,0,0,0,0,0,Matches,1d2d5cc8
302,Thomas Mangani,fr FRA,MF,Ajaccio,35-183,1987,5.4,25,4.61,9,14,0,1,1,0,1,0.18,1,0,0,0,0,0,Matches,c801616a
303,Faitout Maouassa,fr FRA,MF,Montpellier,24-115,1998,5.3,16,3.03,11,1,1,2,0,1,5,0.95,5,0,0,0,0,0,Matches,e54a9890
304,Vincent Marchetti,fr FRA,MF,Ajaccio,25-117,1997,10.3,22,2.13,20,0,0,1,1,0,3,0.29,3,0,0,0,0,0,Matches,740f00ac
305,Guillermo Maripán,cl CHI,DF,Monaco,28-176,1994,5.5,3,0.55,2,0,0,0,0,1,0,0.00,0,0,0,0,0,0,Matches,d9764034
306,Marquinhos,br BRA,DF,Paris S-G,28-168,1994,10.9,7,0.64,4,0,0,2,0,1,0,0.00,0,0,0,0,0,0,Matches,d5f2f82b
307,Jonas Martin,fr FRA,MF,Lille,32-203,1990,1.6,3,1.81,3,0,0,0,0,0,0,0.00,0,0,0,0,0,0,Matches,468fdbad
308,Gelson Martins,pt POR,MF,Monaco,27-171,1995,1.2,7,5.68,6,0,1,0,0,0,1,0.81,1,0,0,0,0,0,Matches,3ef0fa48
309,Yanis Massolin,fr FRA,MF,Clermont Foot,20-039,2002,0.2,1,5.29,1,0,0,0,0,0,0,0.00,0,0,0,0,0,0,Matches,6ea05ca7
310,Eliot Matazo,be BEL,MFFW,Monaco,20-256,2002,2.9,1,0.34,1,0,0,0,0,0,0,0.00,0,0,0,0,0,0,Matches,15944afd
311,Chrislain Matsima,fr FRA,DFMF,Lorient,20-167,2002,0.2,0,0.00,0,0,0,0,0,0,0,0.00,0,0,0,0,0,0,Matches,cf1ef7ec
312,Azor Matusiwa,nl NED,MF,Reims,24-184,1998,5.7,9,1.58,8,0,0,0,0,1,0,0.00,0,0,0,0,0,0,Matches,a17a94d6
313,Stephy Mavididi,eng ENG,MF,Montpellier,24-151,1998,2.9,4,1.41,2,0,0,1,1,0,1,0.35,1,0,0,0,0,0,Matches,30144daa
314,Fernand Mayembo,cg CGO,DF,Ajaccio,26-293,1996,2.9,1,0.34,0,0,0,0,1,0,0,0.00,0,0,0,0,0,0,Matches,b20cc590
315,Kylian Mbappé,fr FRA,FW,Paris S-G,23-313,1998,9.8,40,4.10,31,2,2,4,1,0,6,0.62,5,0,0,1,0,0,Matches,42fd9c7f
316,Chancel Mbemba,cd COD,DF,Marseille,28-082,1994,11.5,14,1.22,11,0,0,1,1,1,1,0.09,1,0,0,0,0,0,Matches,e76cb9cc
317,Nathanael Mbuku,fr FRA,MFFW,Reims,20-227,2002,0.6,1,1.61,1,0,0,0,0,0,0,0.00,0,0,0,0,0,0,Matches,46750e9c
318,Facundo Medina,ar ARG,DF,Lens,23-154,1999,12.0,15,1.25,12,1,0,1,0,1,2,0.17,1,0,0,1,0,0,Matches,6f5ec8bb
319,Farid El Melali,dz ALG,FW,Angers,25-177,1997,0.2,2,11.25,2,0,0,0,0,0,1,5.63,1,0,0,0,0,0,Matches,d21e361a
320,Birger Meling,no NOR,DFFW,Rennes,27-316,1994,2.0,2,1.00,2,0,0,0,0,0,2,1.00,2,0,0,0,0,0,Matches,70c52749
321,Nuno Mendes,pt POR,DFMF,Paris S-G,20-132,2002,6.5,17,2.63,16,0,0,1,0,0,3,0.46,3,0,0,0,0,0,Matches,f20e4cc9
322,Thiago Mendes,br BRA,DFMF,Lyon,30-228,1992,10.0,5,0.50,4,0,0,0,0,1,1,0.10,1,0,0,0,0,0,Matches,c6e5d20f
323,Antoine Mendy,fr FRA,DF,Nice,18-155,2004,0.1,0,0.00,0,0,0,0,0,0,0,0.00,0,0,0,0,0,0,Matches,3322e296
324,Arial Mendy,sn SEN,DF,Clermont Foot,27-356,1994,2.3,4,1.76,3,0,0,0,1,0,0,0.00,0,0,0,0,0,0,Matches,9f0f4b49
325,Batista Mendy,fr FRA,MFDF,Angers,22-290,2000,9.5,13,1.37,12,0,0,0,0,1,0,0.00,0,0,0,0,0,0,Matches,e472a6f6
326,Gideon Mensah,gh GHA,DF,Auxerre,24-103,1998,4.0,6,1.50,5,0,0,0,0,1,0,0.00,0,0,0,0,0,0,Matches,9bdd8118
327,Quentin Merlin,fr FRA,DFMF,Nantes,20-166,2002,9.8,25,2.55,10,12,0,1,2,0,2,0.20,1,1,0,0,0,0,Matches,0bfca6a1
328,Lionel Messi,ar ARG,MFFW,Paris S-G,35-127,1987,10.7,76,7.10,50,8,8,4,5,1,17,1.59,13,0,3,0,1,0,Matches,d70ce98e
329,Arkadiusz Milik,pl POL,FW,Marseille,28-243,1994,1.4,0,0.00,0,0,0,0,0,0,0,0.00,0,0,0,0,0,0,Matches,85613cf0
330,Takumi Minamino,jp JPN,MFFW,Monaco,27-286,1995,2.2,6,2.67,3,1,0,1,1,0,2,0.89,1,1,0,0,0,0,Matches,f833a830
331,Terem Moffi,ng NGA,FW,Lorient,23-157,1999,9.1,19,2.08,13,0,5,0,1,0,4,0.44,2,0,2,0,0,0,Matches,065dc209
332,Mostafa Mohamed,eg EGY,FW,Nantes,24-335,1997,7.3,15,2.04,12,0,0,1,2,0,3,0.41,2,0,0,0,1,0,Matches,595e6f3e
333,Marlos Moreno,co COL,DF,Troyes,26-039,1996,0.0,0,0.00,0,0,0,0,0,0,0,0.00,0,0,0,0,0,0,Matches,8499c713
334,Lebo Mothiba,za RSA,FWMF,Strasbourg,26-274,1996,0.6,1,1.61,0,0,0,0,1,0,0,0.00,0,0,0,0,0,0,Matches,3eaf8817
335,Steve Mounié,bj BEN,FW,Brest,28-030,1994,0.2,1,4.09,1,0,0,0,0,0,0,0.00,0,0,0,0,0,0,Matches,19ba6c6d
336,Bevic Moussiti-Oko,cg CGO,FW,Ajaccio,27-274,1995,4.5,10,2.24,6,0,2,0,2,0,0,0.00,0,0,0,0,0,0,Matches,71d10572
337,Samuel Moutoussamy,cd COD,MF,Nantes,26-078,1996,8.3,15,1.81,14,0,0,0,1,0,0,0.00,0,0,0,0,0,0,Matches,af0c835b
338,Nordi Mukiele,fr FRA,DF,Paris S-G,24-362,1997,5.5,5,0.91,4,0,0,1,0,0,1,0.18,1,0,0,0,0,0,Matches,ac73ec79
339,Marshall Munetsi,zw ZIM,MF,Reims,26-129,1996,9.4,25,2.67,17,0,2,3,2,1,0,0.00,0,0,0,0,0,0,Matches,2acf0cd7
340,Yvon Mvogo,ch SUI,GK,Lorient,28-145,1994,12.0,0,0.00,0,0,0,0,0,0,0,0.00,0,0,0,0,0,0,Matches,dc29b608
341,Nathan N'Goumou,fr FRA,MF,Toulouse,22-229,2000,1.0,3,3.00,2,0,1,0,0,0,0,0.00,0,0,0,0,0,0,Matches,e110ea4b
342,Papa Ndiaga Yade,sn SEN,DFMF,Troyes,22-297,2000,3.6,16,4.50,13,0,0,1,2,0,2,0.56,2,0,0,0,0,0,Matches,87e9c7cd
343,Neymar,br BRA,MFFW,Paris S-G,30-266,1992,9.2,65,7.08,49,5,1,4,6,0,11,1.20,8,1,0,1,1,0,Matches,69384e5d
344,M'Baye Niang,sn SEN,FW,Auxerre,27-314,1994,4.9,4,0.81,4,0,0,0,0,0,0,0.00,0,0,0,0,0,0,Matches,2054d037
345,Rasmus Nicolaisen,dk DEN,DF,Toulouse,25-227,1997,11.3,8,0.71,4,0,0,1,0,3,4,0.35,3,0,0,0,0,1,Matches,3f319bb9
346,Arnaud Nordin,fr FRA,MF,Montpellier,24-134,1998,7.9,14,1.77,7,1,0,2,3,1,1,0.13,1,0,0,0,0,0,Matches,7b9a9e25
347,Riad Nouri,fr FRA,MF,Ajaccio,37-144,1985,6.0,21,3.48,13,4,0,2,2,0,1,0.17,1,0,0,0,0,0,Matches,374fbf7d
348,Alexander Nübel,de GER,GK,Monaco,26-029,1996,12.0,5,0.42,4,1,0,0,0,0,0,0.00,0,0,0,0,0,0,Matches,afb0c500
349,Gerzino Nyamsi,fr FRA,DF,Strasbourg,25-280,1997,4.3,3,0.70,2,1,0,0,0,0,0,0.00,0,0,0,0,0,0,Matches,6043997c
350,Wilson Odobert,fr FRA,MF,Troyes,17-335,2004,6.2,21,3.38,19,0,2,0,0,0,4,0.64,4,0,0,0,0,0,Matches,35516eac
351,Florent Ogier,fr FRA,DF,Clermont Foot,33-222,1989,5.5,5,0.92,3,1,0,0,0,1,2,0.37,2,0,0,0,0,0,Matches,6993927b
352,Jonas Omlin,ch SUI,GK,Montpellier,28-292,1994,8.0,1,0.13,1,0,0,0,0,0,0,0.00,0,0,0,0,0,0,Matches,c631f952
353,Ado Onaiwu,jp JPN,FWMF,Toulouse,26-355,1995,2.6,8,3.05,7,0,0,0,1,0,1,0.38,1,0,0,0,0,0,Matches,ff4df82e
354,Jean Onana,cm CMR,MF,Lens,22-294,2000,1.5,3,1.94,2,0,0,0,0,1,0,0.00,0,0,0,0,0,0,Matches,b5bb8188
355,Loïs Openda,be BEL,FW,Lens,22-255,2000,9.8,21,2.15,15,0,1,3,2,0,0,0.00,0,0,0,0,0,0,Matches,8652a85c
356,Dango Ouattara,bf BFA,MFFW,Lorient,20-260,2002,10.3,42,4.10,19,1,7,4,9,2,11,1.07,4,0,2,1,3,1,Matches,2f9e4435
357,Azzedine Ounahi,ma MAR,MF,Angers,22-193,2000,10.5,37,3.53,28,1,4,3,1,0,2,0.19,1,0,0,1,0,0,Matches,83299cc0
358,Adam Ounas,dz ALG,MFFW,Lille,25-352,1996,5.8,34,5.91,20,8,3,3,0,0,4,0.69,2,1,0,1,0,0,Matches,ed90babd
359,Nicolas Pallois,fr FRA,DF,Nantes,35-040,1987,11.6,3,0.26,1,0,0,0,0,2,0,0.00,0,0,0,0,0,0,Matches,779847d6
360,Erik Palmer-Brown,us USA,DF,Troyes,25-188,1997,10.9,7,0.64,6,0,0,0,0,1,0,0.00,0,0,0,0,0,0,Matches,e5c1e0ca
361,Lucas Paquetá,br BRA,MF,Lyon,25-063,1997,1.8,9,5.09,5,0,1,1,0,2,1,0.57,0,0,0,1,0,0,Matches,9b6f7fd5
362,Leandro Paredes,ar ARG,MF,Paris S-G,28-122,1994,0.6,3,5.19,3,0,0,0,0,0,1,1.73,1,0,0,0,0,0,Matches,dff153a4
363,Dimitri Payet,fr FRA,MF,Marseille,35-214,1987,3.8,19,5.00,14,4,1,0,0,0,2,0.53,1,1,0,0,0,0,Matches,58ae47b2
364,Patrick Pentz,at AUT,GK,Reims,25-300,1997,7.0,2,0.29,1,1,0,0,0,0,0,0.00,0,0,0,0,0,0,Matches,0810b6df
365,Nicolas Pépé,ci CIV,MFFW,Nice,27-153,1995,7.0,24,3.30,10,6,1,3,4,0,4,0.55,0,1,1,0,2,0,Matches,57e3f0c7
366,Brayann Pereira,fr FRA,DF,Auxerre,19-161,2003,2.0,0,0.00,0,0,0,0,0,0,0,0.00,0,0,0,0,0,0,Matches,5c42e7ce
367,Danilo Pereira,pt POR,DFMF,Paris S-G,31-050,1991,5.7,5,0.87,3,0,0,2,0,0,0,0.00,0,0,0,0,0,0,Matches,8fd9996f
368,Mathias Pereira Lage,pt POR,MFFW,Brest,25-333,1996,8.7,19,2.18,12,1,2,1,2,1,1,0.11,1,0,0,0,0,0,Matches,8846a40f
369,Gaëtan Perrin,fr FRA,MF,Auxerre,26-144,1996,4.1,6,1.46,6,0,0,0,0,0,1,0.24,1,0,0,0,0,0,Matches,10dd88f9
370,Lucas Perrin,fr FRA,DF,Strasbourg,23-344,1998,4.9,4,0.81,3,0,0,1,0,0,0,0.00,0,0,0,0,0,0,Matches,49070d66
371,Ronaël Pierre-Gabriel,fr FRA,DF,Strasbourg,24-138,1998,4.8,11,2.27,6,3,1,0,1,0,1,0.21,1,0,0,0,0,0,Matches,64ba07c0
372,Julien Ponceau,fr FRA,MF,Lorient,21-335,2000,6.1,18,2.93,14,0,1,0,2,1,2,0.33,2,0,0,0,0,0,Matches,e546b2e3
373,Łukasz Poręba,pl POL,MF,Lens,22-230,2000,2.2,6,2.67,5,0,0,0,0,1,2,0.89,1,0,0,0,0,1,Matches,be98f358
374,Jackson Porozo,ec ECU,DF,Troyes,22-086,2000,8.6,6,0.69,4,0,0,1,0,1,0,0.00,0,0,0,0,0,0,Matches,7d704e92
375,Sanjin Prcić,ba BIH,MF,Strasbourg,28-343,1993,7.6,16,2.11,11,2,0,1,2,0,1,0.13,1,0,0,0,0,0,Matches,51c30111
376,Ghjuvanni Quilichini,fr FRA,GK,Ajaccio,20-058,2002,0.9,0,0.00,0,0,0,0,0,0,0,0.00,0,0,0,0,0,0,Matches,1b729a98
377,Adil Rami,fr FRA,DF,Troyes,36-306,1985,6.0,5,0.83,4,0,0,0,0,1,0,0.00,0,0,0,0,0,0,Matches,8dbff17c
378,Sergio Ramos,es ESP,DF,Paris S-G,36-213,1986,8.4,6,0.72,5,0,0,1,0,0,0,0.00,0,0,0,0,0,0,Matches,08511d65
379,Aaron Ramsey,wls WAL,MF,Nice,31-307,1990,4.1,14,3.41,6,5,0,2,1,0,1,0.24,0,0,0,0,1,0,Matches,ef619b0b
380,Elba Rashani,xk KVX,MFDF,Clermont Foot,29-173,1993,6.1,10,1.63,9,0,0,0,0,1,1,0.16,1,0,0,0,0,0,Matches,25749008
381,Rafael Ratão,br BRA,MFFW,Toulouse,26-333,1995,6.4,20,3.10,18,0,0,2,0,0,0,0.00,0,0,0,0,0,0,Matches,40ef7347
382,Rayan Raveloson,mg MAD,MF,Auxerre,25-286,1997,5.1,5,0.98,4,1,0,0,0,0,0,0.00,0,0,0,0,0,0,Matches,fb3236a7
383,Jeff Reine-Adélaïde,fr FRA,MF,Lyon,24-285,1998,2.7,15,5.56,12,1,1,0,0,1,1,0.37,1,0,0,0,0,0,Matches,d504b3e1
384,Alexsandro Ribeiro,br BRA,DF,Lille,23-081,1999,3.9,2,0.52,2,0,0,0,0,0,0,0.00,0,0,0,0,0,0,Matches,102c9665
385,Rémy Riou,fr FRA,GK,Lyon,35-084,1987,3.7,2,0.54,1,0,0,0,0,1,0,0.00,0,0,0,0,0,0,Matches,7f41ee30
386,Renaud Ripart,fr FRA,MFFW,Troyes,29-229,1993,7.0,30,4.27,19,0,2,4,4,1,6,0.85,2,0,1,1,2,0,Matches,beae3a73
387,Joe Rodon,wls WAL,DF,Rennes,25-007,1997,9.0,2,0.22,1,0,0,0,0,1,0,0.00,0,0,0,0,0,0,Matches,8d62d31a
388,Valentin Rongier,fr FRA,MF,Marseille,27-326,1994,9.7,27,2.80,24,0,1,0,0,2,0,0.00,0,0,0,0,0,0,Matches,ed45c4a5
389,Pablo Rosario,nl NED,MFDF,Nice,25-295,1997,6.5,13,2.01,12,0,0,0,1,0,0,0.00,0,0,0,0,0,0,Matches,1a6b7ea4
390,Anthony Rouault,fr FRA,DF,Toulouse,21-153,2001,12.9,4,0.31,2,0,0,1,0,1,1,0.08,0,0,0,0,0,1,Matches,9b545925
391,Kays Ruiz,ma MAR,MF,Auxerre,20-064,2002,0.7,0,0.00,0,0,0,0,0,0,0,0.00,0,0,0,0,0,0,Matches,90a9cc01
392,Fabián Ruiz Peña,es ESP,MF,Paris S-G,26-209,1996,4.6,8,1.72,5,0,1,1,0,1,1,0.22,1,0,0,0,0,0,Matches,c0c7ff58
393,Halid Šabanović,ba BIH,DFFW,Angers,23-068,1999,2.9,0,0.00,0,0,0,0,0,0,0,0.00,0,0,0,0,0,0,Matches,8299e363
394,Falaye Sacko,ml MLI,DF,Montpellier,27-181,1995,6.8,10,1.47,7,1,1,0,0,1,2,0.29,2,0,0,0,0,0,Matches,6388e356
395,Wesley Saïd,fr FRA,FWMF,Lens,27-193,1995,3.1,11,3.51,6,0,4,1,0,0,2,0.64,0,0,2,0,0,0,Matches,90fcf472
396,Théo Sainte-Luce,fr FRA,DF,Montpellier,24-009,1998,3.9,8,2.03,6,1,0,0,0,1,1,0.25,1,0,0,0,0,0,Matches,93c942fb
397,Hamza Sakhi,ma MAR,MF,Auxerre,26-144,1996,10.3,32,3.10,25,4,0,2,1,0,2,0.19,2,0,0,0,0,0,Matches,c9151d66
398,Mamadou Sakho,fr FRA,DF,Montpellier,32-258,1990,4.2,3,0.70,1,0,0,0,0,2,0,0.00,0,0,0,0,0,0,Matches,87935cf3
399,Amine Salama,fr FRA,FWMF,Angers,22-103,2000,3.5,11,3.13,7,0,3,0,1,0,1,0.28,1,0,0,0,0,0,Matches,bc7cc472
400,Yoann Salmier,gf GUF,DF,Troyes,29-342,1992,8.9,7,0.79,4,0,0,1,1,1,2,0.22,0,0,0,0,1,1,Matches,c3725db2
401,Mama Samba Baldé,gw GNB,FW,Troyes,26-357,1995,10.5,23,2.19,16,0,4,2,1,0,4,0.38,2,0,1,0,1,0,Matches,fb14aa28
402,Brice Samba,cg CGO,GK,Lens,28-187,1994,13.0,1,0.08,0,0,0,0,0,1,0,0.00,0,0,0,0,0,0,Matches,60d90c55
403,Renato Sanches,pt POR,MF,Paris S-G,25-072,1997,2.8,7,2.49,7,0,0,0,0,0,0,0.00,0,0,0,0,0,0,Matches,032f894e
404,Alexis Sánchez,cl CHI,FWMF,Marseille,33-314,1988,7.5,24,3.20,19,1,1,2,1,0,0,0.00,0,0,0,0,0,0,Matches,2c0f8e9e
405,Baptiste Santamaria,fr FRA,MF,Rennes,27-234,1995,6.1,22,3.59,21,0,0,1,0,0,0,0.00,0,0,0,0,0,0,Matches,5e22e2a4
406,Pablo Sarabia,es ESP,FWMF,Paris S-G,30-171,1992,3.2,15,4.62,9,5,0,0,1,0,1,0.31,1,0,0,0,0,0,Matches,9744ff80
407,Muhammed Saracevic Cham,at AUT,MF,Clermont Foot,22-033,2000,9.0,28,3.10,22,3,0,2,1,0,3,0.33,3,0,0,0,0,0,Matches,f527a32c
408,Malang Sarr,fr FRA,DF,Monaco,23-279,1999,2.2,1,0.45,1,0,0,0,0,0,0,0.00,0,0,0,0,0,0,Matches,4315f30d
409,Téji Savanier,fr FRA,MF,Montpellier,30-311,1991,8.6,46,5.34,22,17,3,0,3,1,3,0.35,1,2,0,0,0,0,Matches,6bde367b
410,Kasper Schmeichel,dk DEN,GK,Nice,35-358,1986,10.0,3,0.30,1,2,0,0,0,0,1,0.10,0,1,0,0,0,0,Matches,53af52f3
411,Alidu Seidu,gh GHA,DF,Clermont Foot,22-147,2000,11.5,14,1.22,9,0,0,1,3,1,0,0.00,0,0,0,0,0,0,Matches,cea59f02
412,Matz Sels,be BEL,GK,Strasbourg,30-245,1992,12.0,0,0.00,0,0,0,0,0,0,0,0.00,0,0,0,0,0,0,Matches,834b5c4c
413,Marvin Senaya,tg TOG,DF,Strasbourg,21-274,2001,0.1,1,10.00,1,0,0,0,0,0,0,0.00,0,0,0,0,0,0,Matches,1d383c10
414,Caio Henrique Oliveira Silva,br BRA,DFMF,Monaco,25-090,1997,9.7,34,3.52,27,7,0,0,0,0,7,0.72,4,3,0,0,0,0,Matches,30af8b93
415,Abdallah Sima,sn SEN,FW,Angers,21-134,2001,4.6,11,2.37,7,0,0,1,3,0,3,0.65,1,0,0,0,2,0,Matches,fdbde523
416,Moses Simon,ng NGA,MFFW,Nantes,27-109,1995,9.3,32,3.45,22,6,2,1,1,0,1,0.11,1,0,0,0,0,0,Matches,5f3eaaf5
417,Lassine Sinayoko,ml MLI,MFFW,Auxerre,22-325,1999,7.0,26,3.70,17,0,3,2,3,1,3,0.43,2,0,0,0,1,0,Matches,5e5249c8
418,Ibrahima Sissoko,fr FRA,MF,Strasbourg,25-002,1997,2.5,6,2.40,5,0,0,1,0,0,0,0.00,0,0,0,0,0,0,Matches,0f8418aa
419,Moussa Sissoko,fr FRA,MF,Nantes,33-074,1989,4.8,5,1.03,4,0,0,0,0,1,0,0.00,0,0,0,0,0,0,Matches,2acd49b9
420,Islam Slimani,dz ALG,FW,Brest,34-133,1988,7.5,10,1.33,9,0,0,1,0,0,2,0.27,2,0,0,0,0,0,Matches,ffec9769
421,Carlos Soler,es ESP,MF,Paris S-G,25-300,1997,1.5,7,4.70,4,0,0,0,2,1,1,0.67,1,0,0,0,0,0,Matches,fed17f5a
422,François-Joseph Sollacaro,fr FRA,GK,Ajaccio,28-222,1994,1.0,0,0.00,0,0,0,0,0,0,0,0.00,0,0,0,0,0,0,Matches,f19f32b1
423,Florian Sotoca,fr FRA,MFFW,Lens,32-004,1990,11.7,53,4.52,42,0,2,4,3,2,8,0.68,6,0,0,1,1,0,Matches,7a42d0df
424,Arnaud Souquet,fr FRA,DFMF,Montpellier,30-259,1992,2.1,3,1.44,3,0,0,0,0,0,0,0.00,0,0,0,0,0,0,Matches,4e0afc5d
425,Kevin Spadanuda,ch SUI,MF,Ajaccio,25-286,1997,4.9,4,0.82,3,0,0,0,1,0,0,0.00,0,0,0,0,0,0,Matches,a45a5d95
426,Stijn Spierings,nl NED,MF,Toulouse,26-231,1996,13.0,23,1.77,21,0,1,0,1,0,4,0.31,3,0,1,0,0,0,Matches,a08985b8
427,Calvin Stengs,nl NED,MFFW,Nice,23-315,1998,2.4,9,3.82,8,0,1,0,0,0,1,0.42,1,0,0,0,0,0,Matches,8f7e6783
428,Kamaldeen Sulemana,gh GHA,FWMF,Rennes,20-256,2002,2.9,11,3.76,7,0,3,1,0,0,0,0.00,0,0,0,0,0,0,Matches,a62f8bf1
429,Issiaga Sylla,gn GUI,DF,Toulouse,28-301,1994,9.7,13,1.35,8,3,1,1,0,0,3,0.31,1,2,0,0,0,0,Matches,b99bec05
430,Nicolás Tagliafico,ar ARG,DF,Lyon,30-059,1992,11.7,30,2.55,27,2,0,0,1,0,2,0.17,2,0,0,0,0,0,Matches,f0661424
431,Waniss Taibi,fr FRA,MF,Angers,20-236,2002,1.2,2,1.65,2,0,0,0,0,0,0,0.00,0,0,0,0,0,0,Matches,95192fe4
432,Flavien Tait,fr FRA,MF,Rennes,29-269,1993,10.6,35,3.31,24,1,5,1,0,4,2,0.19,1,0,1,0,0,0,Matches,a0f9b535
433,Montassar Talbi,tn TUN,DF,Lorient,24-156,1998,12.0,7,0.58,6,0,0,0,0,1,1,0.08,1,0,0,0,0,0,Matches,a4a44eb0
434,Florian Tardieu,fr FRA,MF,Troyes,30-190,1992,9.7,41,4.21,31,9,0,1,0,0,3,0.31,2,1,0,0,0,0,Matches,ed39121c
435,Nuno Tavares,pt POR,DF,Marseille,22-276,2000,9.7,22,2.26,15,0,3,4,0,0,3,0.31,0,0,1,2,0,0,Matches,a65c844b
436,Enzo Tchato,cm CMR,DF,Montpellier,19-340,2002,7.5,12,1.60,9,0,1,0,1,1,1,0.13,1,0,0,0,0,0,Matches,7f783431
437,Martin Terrier,fr FRA,FWMF,Rennes,25-239,1997,11.3,34,3.01,26,0,2,6,0,0,5,0.44,4,0,1,0,0,0,Matches,5148dcc5
438,Tetê,br BRA,FWMF,Lyon,22-256,2000,8.7,20,2.30,12,3,1,3,1,0,7,0.81,4,0,1,1,1,0,Matches,7120a04d
439,Arthur Theate,be BEL,DF,Rennes,22-157,2000,12.0,9,0.75,9,0,0,0,0,0,1,0.08,1,0,0,0,0,0,Matches,df8d6029
440,Sada Thioub,sn SEN,MFFW,Angers,27-150,1995,4.4,10,2.27,10,0,0,0,0,0,1,0.23,1,0,0,0,0,0,Matches,f4bc42b1
441,Adrien Thomasson,fr FRA,MF,Strasbourg,28-323,1993,6.7,23,3.44,19,0,2,1,0,1,2,0.30,1,0,0,1,0,0,Matches,c76b7567
442,Khéphren Thuram-Ulie,fr FRA,MF,Nice,21-217,2001,9.0,20,2.21,18,0,1,0,0,1,3,0.33,2,0,1,0,0,0,Matches,7d9397f8
443,Jean-Clair Todibo,fr FRA,DF,Nice,22-303,1999,8.9,5,0.56,4,0,0,1,0,0,0,0.00,0,0,0,0,0,0,Matches,88f130ed
444,Karl Toko Ekambi,cm CMR,FWMF,Lyon,30-045,1992,9.8,34,3.48,30,0,3,1,0,0,1,0.10,1,0,0,0,0,0,Matches,5ceba7fc
445,Corentin Tolisso,fr FRA,MF,Lyon,28-087,1994,6.0,26,4.35,24,0,0,0,2,0,2,0.33,2,0,0,0,0,0,Matches,652d4c37
446,Birama Touré,ml MLI,MF,Auxerre,30-145,1992,11.8,12,1.02,8,1,0,0,1,2,1,0.08,1,0,0,0,0,0,Matches,a4b798a9
447,Souleymane Touré,fr FRA,DF,Marseille,19-215,2003,0.5,1,2.20,1,0,0,0,0,0,0,0.00,0,0,0,0,0,0,Matches,01fd01e8
448,Yoann Touzghar,tn TUN,FW,Ajaccio,35-335,1986,2.6,1,0.38,1,0,0,0,0,0,0,0.00,0,0,0,0,0,0,Matches,4e47507a
449,Hamari Traoré,ml MLI,DF,Rennes,30-275,1992,10.1,21,2.07,20,0,0,1,0,0,3,0.30,3,0,0,0,0,0,Matches,a4b1028a
450,Adrien Truffert,fr FRA,DF,Rennes,20-343,2001,10.4,25,2.42,19,1,2,1,2,0,6,0.58,5,1,0,0,0,0,Matches,5d0e0a1f
451,Ike Ugbo,ca CAN,FWMF,Troyes,24-038,1998,3.5,5,1.45,4,0,0,0,1,0,1,0.29,1,0,0,0,0,0,Matches,8a53d24b
452,Chimuanya Ugochukwu,fr FRA,MF,Rennes,18-217,2004,3.1,2,0.65,1,0,0,0,0,1,1,0.32,1,0,0,0,0,0,Matches,1df4a109
453,Cengiz Ünder,tr TUR,MF,Marseille,25-107,1997,4.5,18,3.99,8,6,1,3,0,0,3,0.67,1,1,0,1,0,0,Matches,1880614f
454,Jere Uronen,fi FIN,DF,Brest,28-108,1994,2.5,5,2.04,4,0,0,0,0,1,1,0.41,1,0,0,0,0,0,Matches,d75f3980
455,Yan Valery,tn TUN,DFFW,Angers,23-249,1999,5.9,5,0.84,5,0,0,0,0,0,0,0.00,0,0,0,0,0,0,Matches,531a4aa8
456,Vanderson,br BRA,DFMF,Monaco,21-130,2001,8.1,15,1.86,12,0,1,0,0,2,2,0.25,2,0,0,0,0,0,Matches,ee45fd85
457,Jordan Veretout,fr FRA,MF,Marseille,29-242,1993,8.5,20,2.35,14,1,0,2,0,3,2,0.24,1,1,0,0,0,0,Matches,4a56052c
458,Marco Verratti,it ITA,MF,Paris S-G,29-358,1992,8.8,14,1.58,14,0,0,0,0,0,3,0.34,3,0,0,0,0,0,Matches,1467af0d
459,Clément Vidal,fr FRA,DF,Ajaccio,22-133,2000,4.5,4,0.88,3,0,0,1,0,0,0,0.00,0,0,0,0,0,0,Matches,b2791a55
460,Alan Virginius,fr FRA,MFFW,Lille,19-299,2003,0.7,1,1.50,1,0,0,0,0,0,0,0.00,0,0,0,0,0,0,Matches,01becd60
461,Mattia Viti,it ITA,DF,Nice,20-278,2002,6.7,2,0.30,2,0,0,0,0,0,1,0.15,1,0,0,0,0,0,Matches,75438a9a
462,Vitinha,pt POR,MF,Paris S-G,22-258,2000,7.9,13,1.64,12,0,0,0,1,0,3,0.38,2,0,0,0,1,0,Matches,3b029691
463,Kevin Volland,de GER,FW,Monaco,30-091,1992,0.9,2,2.17,1,0,0,0,1,0,2,2.17,1,0,0,0,1,0,Matches,64f69877
464,Timothy Weah,us USA,MF,Lille,22-249,2000,0.8,3,3.97,3,0,0,0,0,0,2,2.65,2,0,0,0,0,0,Matches,8eec784d
465,Mateusz Wieteska,pl POL,DF,Clermont Foot,25-260,1997,12.0,6,0.50,4,0,1,1,0,0,1,0.08,0,0,0,1,0,0,Matches,3ecc8c5f
466,Christopher Wooh,cm CMR,DF,Rennes,21-041,2001,2.0,2,1.00,1,0,0,1,0,0,1,0.50,1,0,0,0,0,0,Matches,b003239d
467,Christopher Wooh,cm CMR,MF,Lens,21-041,2001,0.0,0,0.00,0,0,0,0,0,0,0,0.00,0,0,0,0,0,0,Matches,b003239d
468,Xeka,pt POR,MF,Rennes,27-353,1994,2.8,3,1.06,3,0,0,0,0,0,0,0.00,0,0,0,0,0,0,Matches,f3600c02
469,Yusuf Yazıcı,tr TUR,MF,Lille,25-273,1997,2.2,11,4.95,10,1,0,0,0,0,1,0.45,1,0,0,0,0,0,Matches,f5c8b425
470,Darlin Yongwa,cm CMR,FWDF,Lorient,22-037,2000,0.4,2,4.50,2,0,0,0,0,0,0,0.00,0,0,0,0,0,0,Matches,061266cd
471,Leny Yoro,fr FRA,DF,Lille,16-350,2005,1.1,0,0.00,0,0,0,0,0,0,0,0.00,0,0,0,0,0,0,Matches,6763f716
472,Mohamed Youssouf,km COM,DF,Ajaccio,34-217,1988,6.4,13,2.03,12,0,0,0,1,0,0,0.00,0,0,0,0,0,0,Matches,1a85bcdb
473,Warren Zaire-Emery,fr FRA,MF,Paris S-G,16-235,2006,0.2,0,0.00,0,0,0,0,0,0,0,0.00,0,0,0,0,0,0,Matches,6b9960cf
474,Oliver Zandén,se SWE,DFMF,Toulouse,21-076,2001,1.6,4,2.47,4,0,0,0,0,0,0,0.00,0,0,0,0,0,0,Matches,72d4922b
475,Akim Zedadka,dz ALG,DFMF,Lille,27-152,1995,3.8,7,1.82,6,0,0,0,1,0,0,0.00,0,0,0,0,0,0,Matches,0ff630d0
476,Mehdi Zeffane,dz ALG,MFDF,Clermont Foot,30-163,1992,0.2,0,0.00,0,0,0,0,0,0,0,0.00,0,0,0,0,0,0,Matches,c8c02ac7
477,Arber Zeneli,xk KVX,FWMF,Reims,27-246,1995,5.1,27,5.27,17,5,5,0,0,0,3,0.59,3,0,0,0,0,0,Matches,095e4199
478,Edon Zhegrova,xk KVX,MF,Lille,23-212,1999,2.6,7,2.68,3,0,2,1,0,1,0,0.00,0,0,0,0,0,0,Matches,34a88e3e